x-axis,1,2
second,Volt,Volt
-246.0000E-06,-604.8806475E-03,+2.5131721386E+00
-245.7500E-06,-551.6017131E-03,+2.5346168707E+00
-245.5000E-06,-520.3199337E-03,+2.5657476066E+00
-245.2500E-06,-477.7701410E-03,+2.5881969935E+00
-245.0000E-06,-439.0390920E-03,+2.6134110884E+00
-244.7500E-06,-400.2322107E-03,+2.6525191581E+00
-244.5000E-06,-359.4403605E-03,+2.6745415886E+00
-244.2500E-06,-318.5234959E-03,+2.7029080206E+00
-244.0000E-06,-293.4215214E-03,+2.7182975641E+00
-243.7500E-06,-241.3628095E-03,+2.7454461314E+00
-243.5000E-06,-209.0884130E-03,+2.7640526992E+00
-243.2500E-06,-167.6685426E-03,+2.7834116742E+00
-243.0000E-06,-124.1625895E-03,+2.8167783483E+00
-242.7500E-06,-84.4668280E-03,+2.8458224467E+00
-242.5000E-06,-45.5092650E-03,+2.8571298657E+00
-242.2500E-06,-2.8325585E-03,+2.8782495631E+00
-242.0000E-06,+27.7479132E-03,+2.9065543834E+00
-241.7500E-06,+74.7931151E-03,+2.9351589148E+00
-241.5000E-06,+115.0450323E-03,+2.9450942959E+00
-241.2500E-06,+147.2668760E-03,+2.9628453709E+00
-241.0000E-06,+177.0197896E-03,+2.9848697491E+00
-240.7500E-06,+227.5329307E-03,+2.9819560842E+00
-240.5000E-06,+266.0262844E-03,+3.0174570341E+00
-240.2500E-06,+301.9044358E-03,+3.0413129619E+00
-240.0000E-06,+341.1782882E-03,+3.0595186507E+00
-239.7500E-06,+380.2439915E-03,+3.0775432024E+00
-239.5000E-06,+416.6791670E-03,+3.0954243328E+00
-239.2500E-06,+459.6163538E-03,+3.1093780018E+00
-239.0000E-06,+491.5020176E-03,+3.1199929186E+00
-238.7500E-06,+525.8508752E-03,+3.1416791993E+00
-238.5000E-06,+574.1675560E-03,+3.1463141871E+00
-238.2500E-06,+603.7644332E-03,+3.1732361620E+00
-238.0000E-06,+650.5332879E-03,+3.1862367159E+00
-237.7500E-06,+692.5206401E-03,+3.1918405469E+00
-237.5000E-06,+724.0926375E-03,+3.2090127234E+00
-237.2500E-06,+774.4961126E-03,+3.2128587567E+00
-237.0000E-06,+806.4284678E-03,+3.2313145342E+00
-236.7500E-06,+847.2301789E-03,+3.2406840617E+00
-236.5000E-06,+885.8119211E-03,+3.2660379522E+00
-236.2500E-06,+930.6918055E-03,+3.2803096533E+00
-236.0000E-06,+976.1505778E-03,+3.2759088212E+00
-235.7500E-06,+1.0149203268E+00,+3.2957196120E+00
-235.5000E-06,+1.0577349356E+00,+3.3011505251E+00
-235.2500E-06,+1.0875197533E+00,+3.3125034839E+00
-235.0000E-06,+1.1235845307E+00,+3.3227085353E+00
-234.7500E-06,+1.1725672442E+00,+3.3421630220E+00
-234.5000E-06,+1.2010267201E+00,+3.3467256508E+00
-234.2500E-06,+1.2404481606E+00,+3.3541643541E+00
-234.0000E-06,+1.2770553133E+00,+3.3578831299E+00
-233.7500E-06,+1.3202529503E+00,+3.3557509767E+00
-233.5000E-06,+1.3591043688E+00,+3.3640851513E+00
-233.2500E-06,+1.3945700377E+00,+3.3649094109E+00
-233.0000E-06,+1.4304098932E+00,+3.3672582232E+00
-232.7500E-06,+1.4741493190E+00,+3.3867204526E+00
-232.5000E-06,+1.4960108708E+00,+3.3867755034E+00
-232.2500E-06,+1.5460467805E+00,+3.3905300365E+00
-232.0000E-06,+1.5826985141E+00,+3.3911923712E+00
-231.7500E-06,+1.6220068515E+00,+3.3844473399E+00
-231.5000E-06,+1.6631063499E+00,+3.3939774460E+00
-231.2500E-06,+1.6933085648E+00,+3.3836394190E+00
-231.0000E-06,+1.7144296551E+00,+3.3970283921E+00
-230.7500E-06,+1.7512154905E+00,+3.3948142499E+00
-230.5000E-06,+1.7999051578E+00,+3.3958442224E+00
-230.2500E-06,+1.8240430831E+00,+3.3905749959E+00
-230.0000E-06,+1.8657997063E+00,+3.3933144887E+00
-229.7500E-06,+1.8991183381E+00,+3.4000796035E+00
-229.5000E-06,+1.9228037979E+00,+3.3846989740E+00
-229.2500E-06,+1.9617456492E+00,+3.3903638544E+00
-229.0000E-06,+2.0028455879E+00,+3.3862182126E+00
-228.7500E-06,+2.0365313133E+00,+3.3826334798E+00
-228.5000E-06,+2.0788256262E+00,+3.3915247160E+00
-228.2500E-06,+2.1164750062E+00,+3.3839584356E+00
-228.0000E-06,+2.1355640501E+00,+3.3687329320E+00
-227.7500E-06,+2.1564398350E+00,+3.3739532343E+00
-227.5000E-06,+2.2004772532E+00,+3.3577633860E+00
-227.2500E-06,+2.2239958509E+00,+3.3512876525E+00
-227.0000E-06,+2.2606209508E+00,+3.3470972730E+00
-226.7500E-06,+2.2780751670E+00,+3.3422288186E+00
-226.5000E-06,+2.3227272350E+00,+3.3183609811E+00
-226.2500E-06,+2.3434962680E+00,+3.3234683717E+00
-226.0000E-06,+2.3793528345E+00,+3.3128970890E+00
-225.7500E-06,+2.4081711426E+00,+3.2942900087E+00
-225.5000E-06,+2.4329539016E+00,+3.2880790491E+00
-225.2500E-06,+2.4526315615E+00,+3.2855577230E+00
-225.0000E-06,+2.4803769262E+00,+3.2702591308E+00
-224.7500E-06,+2.5221000835E+00,+3.2641805603E+00
-224.5000E-06,+2.5337755985E+00,+3.2435312305E+00
-224.2500E-06,+2.5680994038E+00,+3.2399390490E+00
-224.0000E-06,+2.5877612617E+00,+3.2325904348E+00
-223.7500E-06,+2.6154285871E+00,+3.2101423684E+00
-223.5000E-06,+2.6324996197E+00,+3.2074645476E+00
-223.2500E-06,+2.6638443027E+00,+3.1846663460E+00
-223.0000E-06,+2.6895784039E+00,+3.1752741663E+00
-222.7500E-06,+2.7023280307E+00,+3.1665665590E+00
-222.5000E-06,+2.7384612052E+00,+3.1407953376E+00
-222.2500E-06,+2.7652796891E+00,+3.1253199502E+00
-222.0000E-06,+2.7833115735E+00,+3.1062368460E+00
-221.7500E-06,+2.8058074530E+00,+3.0891986581E+00
-221.5000E-06,+2.8253663624E+00,+3.0860657351E+00
-221.2500E-06,+2.8434378168E+00,+3.0683705898E+00
-221.0000E-06,+2.8717227346E+00,+3.0432424459E+00
-220.7500E-06,+2.8876351609E+00,+3.0219096894E+00
-220.5000E-06,+2.9139062539E+00,+3.0084584549E+00
-220.2500E-06,+2.9335790761E+00,+3.0044477048E+00
-220.0000E-06,+2.9549985207E+00,+2.9719593266E+00
-219.7500E-06,+2.9765822947E+00,+2.9560053781E+00
-219.5000E-06,+2.9961713068E+00,+2.9373186288E+00
-219.2500E-06,+3.0133837814E+00,+2.9122240668E+00
-219.0000E-06,+3.0311934272E+00,+2.8846861155E+00
-218.7500E-06,+3.0438243895E+00,+2.8666707733E+00
-218.5000E-06,+3.0628039257E+00,+2.8395840107E+00
-218.2500E-06,+3.0841483235E+00,+2.8252066114E+00
-218.0000E-06,+3.0953755715E+00,+2.8009952584E+00
-217.7500E-06,+3.1265015677E+00,+2.7637182815E+00
-217.5000E-06,+3.1433078401E+00,+2.7470096811E+00
-217.2500E-06,+3.1573344709E+00,+2.7296473691E+00
-217.0000E-06,+3.1681902535E+00,+2.7081090429E+00
-216.7500E-06,+3.1842531579E+00,+2.6807842412E+00
-216.5000E-06,+3.2038653152E+00,+2.6443655491E+00
-216.2500E-06,+3.2141636170E+00,+2.6238314617E+00
-216.0000E-06,+3.2348431429E+00,+2.6038874858E+00
-215.7500E-06,+3.2386846595E+00,+2.5654524257E+00
-215.5000E-06,+3.2654586965E+00,+2.5577753155E+00
-215.2500E-06,+3.2690958269E+00,+2.5214597317E+00
-215.0000E-06,+3.2728309595E+00,+2.4953181650E+00
-214.7500E-06,+3.2924284500E+00,+2.4661837725E+00
-214.5000E-06,+3.3074894116E+00,+2.4253587458E+00
-214.2500E-06,+3.3079520892E+00,+2.4035371438E+00
-214.0000E-06,+3.3234092821E+00,+2.3798556790E+00
-213.7500E-06,+3.3281665826E+00,+2.3495871897E+00
-213.5000E-06,+3.3402157882E+00,+2.3165992021E+00
-213.2500E-06,+3.3542411814E+00,+2.2911853868E+00
-213.0000E-06,+3.3578295579E+00,+2.2605385396E+00
-212.7500E-06,+3.3715947738E+00,+2.2361845401E+00
-212.5000E-06,+3.3801836804E+00,+2.1986269151E+00
-212.2500E-06,+3.3941859810E+00,+2.1569726358E+00
-212.0000E-06,+3.3915554186E+00,+2.1351672067E+00
-211.7500E-06,+3.3939292892E+00,+2.0999657583E+00
-211.5000E-06,+3.4084195790E+00,+2.0765212864E+00
-211.2500E-06,+3.4150372096E+00,+2.0351986584E+00
-211.0000E-06,+3.4161016475E+00,+1.9900236987E+00
-210.7500E-06,+3.4136232441E+00,+1.9620433597E+00
-210.5000E-06,+3.4319961145E+00,+1.9309586369E+00
-210.2500E-06,+3.4203310542E+00,+1.9041812652E+00
-210.0000E-06,+3.4245171569E+00,+1.8791014862E+00
-209.7500E-06,+3.4147966650E+00,+1.8348618993E+00
-209.5000E-06,+3.4244314623E+00,+1.8003249866E+00
-209.2500E-06,+3.4231689457E+00,+1.7786628944E+00
-209.0000E-06,+3.4441231604E+00,+1.7290457628E+00
-208.7500E-06,+3.4252123183E+00,+1.6994620268E+00
-208.5000E-06,+3.4369791013E+00,+1.6563812091E+00
-208.2500E-06,+3.4337610655E+00,+1.6310434251E+00
-208.0000E-06,+3.4315757143E+00,+1.5845557673E+00
-207.7500E-06,+3.4235729001E+00,+1.5466491664E+00
-207.5000E-06,+3.4257208357E+00,+1.5255401589E+00
-207.2500E-06,+3.4234027018E+00,+1.4778263027E+00
-207.0000E-06,+3.4148255374E+00,+1.4410595408E+00
-206.7500E-06,+3.4199257054E+00,+1.4095386294E+00
-206.5000E-06,+3.4038721643E+00,+1.3675933225E+00
-206.2500E-06,+3.3924342511E+00,+1.3305451918E+00
-206.0000E-06,+3.3984759321E+00,+1.2940779825E+00
-205.7500E-06,+3.3940879140E+00,+1.2557370910E+00
-205.5000E-06,+3.3782713236E+00,+1.2141234248E+00
-205.2500E-06,+3.3813432154E+00,+1.1872035001E+00
-205.0000E-06,+3.3786780760E+00,+1.1386100184E+00
-204.7500E-06,+3.3689577877E+00,+1.1000878270E+00
-204.5000E-06,+3.3482883925E+00,+1.0635235789E+00
-204.2500E-06,+3.3476630694E+00,+1.0187303208E+00
-204.0000E-06,+3.3307580651E+00,+976.0804998E-03
-203.7500E-06,+3.3265987817E+00,+939.4792868E-03
-203.5000E-06,+3.3135010096E+00,+898.4012602E-03
-203.2500E-06,+3.3137780593E+00,+856.9072219E-03
-203.0000E-06,+3.3052184834E+00,+821.4013333E-03
-202.7500E-06,+3.2877843009E+00,+779.5461668E-03
-202.5000E-06,+3.2717576377E+00,+746.0022135E-03
-202.2500E-06,+3.2608533696E+00,+698.5775803E-03
-202.0000E-06,+3.2533758035E+00,+654.0531724E-03
-201.7500E-06,+3.2423996845E+00,+632.2015854E-03
-201.5000E-06,+3.2182231873E+00,+587.2889211E-03
-201.2500E-06,+3.2059061280E+00,+527.6356715E-03
-201.0000E-06,+3.1971272744E+00,+496.0731037E-03
-200.7500E-06,+3.1751859767E+00,+454.2140824E-03
-200.5000E-06,+3.1655739313E+00,+415.5279325E-03
-200.2500E-06,+3.1554209985E+00,+378.9676342E-03
-200.0000E-06,+3.1320580107E+00,+327.0829211E-03
-199.7500E-06,+3.1143404619E+00,+289.8968761E-03
-199.5000E-06,+3.0884699886E+00,+242.7560720E-03
-199.2500E-06,+3.0795147603E+00,+220.4308837E-03
-199.0000E-06,+3.0640614930E+00,+177.0128987E-03
-198.7500E-06,+3.0474012229E+00,+142.1095241E-03
-198.5000E-06,+3.0130209572E+00,+92.5787911E-03
-198.2500E-06,+2.9973274227E+00,+54.0311962E-03
-198.0000E-06,+2.9705130996E+00,+14.8635771E-03
-197.7500E-06,+2.9556199619E+00,-26.8359736E-03
-197.5000E-06,+2.9326168751E+00,-60.9342478E-03
-197.2500E-06,+2.9151307473E+00,-110.7397029E-03
-197.0000E-06,+2.8896377606E+00,-151.9309849E-03
-196.7500E-06,+2.8751969723E+00,-185.3938281E-03
-196.5000E-06,+2.8411900790E+00,-234.7308708E-03
-196.2500E-06,+2.8260233213E+00,-267.0069769E-03
-196.0000E-06,+2.7944409248E+00,-307.9193112E-03
-195.7500E-06,+2.7953638349E+00,-346.2817320E-03
-195.5000E-06,+2.7327978641E+00,-395.7239196E-03
-195.2500E-06,+2.7178344599E+00,-435.6972269E-03
-195.0000E-06,+2.6995739329E+00,-476.4926892E-03
-194.7500E-06,+2.6741012150E+00,-518.6182632E-03
-194.5000E-06,+2.6337428036E+00,-561.7030518E-03
-194.2500E-06,+2.6275586631E+00,-602.4644271E-03
-194.0000E-06,+2.5863337931E+00,-636.3216533E-03
-193.7500E-06,+2.5642212992E+00,-669.1567748E-03
-193.5000E-06,+2.5397598693E+00,-705.4293500E-03
-193.2500E-06,+2.5012172613E+00,-755.8204904E-03
-193.0000E-06,+2.4746669176E+00,-798.8749413E-03
-192.7500E-06,+2.4470871532E+00,-839.0939172E-03
-192.5000E-06,+2.4285997866E+00,-874.2520450E-03
-192.2500E-06,+2.3793697084E+00,-909.6606520E-03
-192.0000E-06,+2.3720853832E+00,-950.1984712E-03
-191.7500E-06,+2.3310426572E+00,-1.0000075081E+00
-191.5000E-06,+2.3160405424E+00,-1.0320427892E+00
-191.2500E-06,+2.2647711001E+00,-1.0849131004E+00
-191.0000E-06,+2.2406050200E+00,-1.1137964121E+00
-190.7500E-06,+2.2234066831E+00,-1.1511844358E+00
-190.5000E-06,+2.1832670113E+00,-1.1957841861E+00
-190.2500E-06,+2.1492797704E+00,-1.2302956440E+00
-190.0000E-06,+2.1257851531E+00,-1.2618542936E+00
-189.7500E-06,+2.0947722511E+00,-1.3113401984E+00
-189.5000E-06,+2.0601321141E+00,-1.3516330906E+00
-189.2500E-06,+2.0126907533E+00,-1.3959748028E+00
-189.0000E-06,+1.9860855638E+00,-1.4400703955E+00
-188.7500E-06,+1.9543451967E+00,-1.4673242931E+00
-188.5000E-06,+1.9180148993E+00,-1.5020636684E+00
-188.2500E-06,+1.8858125752E+00,-1.5518842516E+00
-188.0000E-06,+1.8465541782E+00,-1.5716416724E+00
-187.7500E-06,+1.8229804965E+00,-1.6226247333E+00
-187.5000E-06,+1.7981894279E+00,-1.6644081229E+00
-187.2500E-06,+1.7572810403E+00,-1.6959377283E+00
-187.0000E-06,+1.7129105537E+00,-1.7354970469E+00
-186.7500E-06,+1.6906069881E+00,-1.7709840671E+00
-186.5000E-06,+1.6529387458E+00,-1.8017290642E+00
-186.2500E-06,+1.5993538305E+00,-1.8346442497E+00
-186.0000E-06,+1.5856260951E+00,-1.8791733657E+00
-185.7500E-06,+1.5373219887E+00,-1.9076877296E+00
-185.5000E-06,+1.4976210714E+00,-1.9317413322E+00
-185.2500E-06,+1.4720334578E+00,-1.9740454984E+00
-185.0000E-06,+1.4350778705E+00,-2.0203429649E+00
-184.7500E-06,+1.4040834991E+00,-2.0387781661E+00
-184.5000E-06,+1.3695055843E+00,-2.0745368239E+00
-184.2500E-06,+1.3363546105E+00,-2.1099703280E+00
-184.0000E-06,+1.2960911862E+00,-2.1567497883E+00
-183.7500E-06,+1.2579847202E+00,-2.1873862500E+00
-183.5000E-06,+1.2283518444E+00,-2.2245704242E+00
-183.2500E-06,+1.1852878885E+00,-2.2596492116E+00
-183.0000E-06,+1.1457676318E+00,-2.2859436971E+00
-182.7500E-06,+1.1225964633E+00,-2.3164379285E+00
-182.5000E-06,+1.0648712082E+00,-2.3424387331E+00
-182.2500E-06,+1.0364283258E+00,-2.3807043593E+00
-182.0000E-06,+1.0044482599E+00,-2.4180904714E+00
-181.7500E-06,+959.1134648E-03,-2.4422338465E+00
-181.5000E-06,+918.3340201E-03,-2.4837746005E+00
-181.2500E-06,+882.9747503E-03,-2.4863799553E+00
-181.0000E-06,+834.0977304E-03,-2.5442856479E+00
-180.7500E-06,+796.9268241E-03,-2.5563896767E+00
-180.5000E-06,+764.1951650E-03,-2.5844509584E+00
-180.2500E-06,+723.8423632E-03,-2.6149456150E+00
-180.0000E-06,+688.0875436E-03,-2.6528508697E+00
-179.7500E-06,+636.9220009E-03,-2.6762714787E+00
-179.5000E-06,+601.5350527E-03,-2.7001864705E+00
-179.2500E-06,+558.0722982E-03,-2.7313840342E+00
-179.0000E-06,+516.8456433E-03,-2.7612441399E+00
-178.7500E-06,+486.2527690E-03,-2.7813013487E+00
-178.5000E-06,+445.6554517E-03,-2.8114608052E+00
-178.2500E-06,+404.5634216E-03,-2.8260348509E+00
-178.0000E-06,+368.2532137E-03,-2.8643802124E+00
-177.7500E-06,+324.9821097E-03,-2.8943269987E+00
-177.5000E-06,+284.3268275E-03,-2.9193370027E+00
-177.2500E-06,+232.5791498E-03,-2.9310615264E+00
-177.0000E-06,+197.8842303E-03,-2.9588546771E+00
-176.7500E-06,+153.3169751E-03,-2.9885364002E+00
-176.5000E-06,+122.4747085E-03,-2.9983970480E+00
-176.2500E-06,+87.0677085E-03,-3.0387035382E+00
-176.0000E-06,+39.6088376E-03,-3.0547902783E+00
-175.7500E-06,-4.3015282E-03,-3.0772712060E+00
-175.5000E-06,-33.0414563E-03,-3.1011866078E+00
-175.2500E-06,-89.7960214E-03,-3.1211620129E+00
-175.0000E-06,-137.3975463E-03,-3.1396371624E+00
-174.7500E-06,-165.7334762E-03,-3.1639187894E+00
-174.5000E-06,-213.0248172E-03,-3.1754651400E+00
-174.2500E-06,-255.8786582E-03,-3.2035241981E+00
-174.0000E-06,-287.0660896E-03,-3.2198325934E+00
-173.7500E-06,-329.4052203E-03,-3.2365886029E+00
-173.5000E-06,-367.4758732E-03,-3.2641589347E+00
-173.2500E-06,-414.7038206E-03,-3.2762529519E+00
-173.0000E-06,-449.8985515E-03,-3.2979359401E+00
-172.7500E-06,-495.4318218E-03,-3.3044628651E+00
-172.5000E-06,-534.1305914E-03,-3.3194042350E+00
-172.2500E-06,-576.7981275E-03,-3.3420830997E+00
-172.0000E-06,-615.8463056E-03,-3.3681817588E+00
-171.7500E-06,-657.5595177E-03,-3.3740378224E+00
-171.5000E-06,-697.0033934E-03,-3.3848778421E+00
-171.2500E-06,-729.8559512E-03,-3.4063254868E+00
-171.0000E-06,-775.6918225E-03,-3.4186664586E+00
-170.7500E-06,-804.8888985E-03,-3.4185132458E+00
-170.5000E-06,-852.8027662E-03,-3.4392352451E+00
-170.2500E-06,-886.8122147E-03,-3.4609394519E+00
-170.0000E-06,-944.8031767E-03,-3.4649840554E+00
-169.7500E-06,-964.3591103E-03,-3.4706257588E+00
-169.5000E-06,-1.0042808793E+00,-3.4978788423E+00
-169.2500E-06,-1.0570172349E+00,-3.4948501521E+00
-169.0000E-06,-1.0783664251E+00,-3.5021998426E+00
-168.7500E-06,-1.1226450573E+00,-3.5240257472E+00
-168.5000E-06,-1.1603329021E+00,-3.5305201500E+00
-168.2500E-06,-1.1963935308E+00,-3.5438284530E+00
-168.0000E-06,-1.2429635425E+00,-3.5381483435E+00
-167.7500E-06,-1.2767905953E+00,-3.5486256792E+00
-167.5000E-06,-1.3055602445E+00,-3.5573147679E+00
-167.2500E-06,-1.3632466472E+00,-3.5515348638E+00
-167.0000E-06,-1.3811199882E+00,-3.5689536663E+00
-166.7500E-06,-1.4264546643E+00,-3.5785351690E+00
-166.5000E-06,-1.4553381524E+00,-3.5828353336E+00
-166.2500E-06,-1.4972287928E+00,-3.5881213465E+00
-166.0000E-06,-1.5309210987E+00,-3.5879097105E+00
-165.7500E-06,-1.5603195549E+00,-3.5945325768E+00
-165.5000E-06,-1.6000113622E+00,-3.5866222336E+00
-165.2500E-06,-1.6360908683E+00,-3.6138666050E+00
-165.0000E-06,-1.6724332577E+00,-3.6015157467E+00
-164.7500E-06,-1.7040772372E+00,-3.6128008270E+00
-164.5000E-06,-1.7405653575E+00,-3.6165488837E+00
-164.2500E-06,-1.7832576474E+00,-3.6020082239E+00
-164.0000E-06,-1.8077750402E+00,-3.6158819479E+00
-163.7500E-06,-1.8469465064E+00,-3.6063000639E+00
-163.5000E-06,-1.8771393142E+00,-3.6114503288E+00
-163.2500E-06,-1.9165221497E+00,-3.6066268458E+00
-163.0000E-06,-1.9443749130E+00,-3.6043591256E+00
-162.7500E-06,-1.9719154679E+00,-3.5934606766E+00
-162.5000E-06,-2.0139780448E+00,-3.5987963796E+00
-162.2500E-06,-2.0419442822E+00,-3.6018664533E+00
-162.0000E-06,-2.0823487429E+00,-3.5986863096E+00
-161.7500E-06,-2.1008307245E+00,-3.5877295761E+00
-161.5000E-06,-2.1383913752E+00,-3.5782304725E+00
-161.2500E-06,-2.1702823997E+00,-3.5866827508E+00
-161.0000E-06,-2.2066498490E+00,-3.5768927191E+00
-160.7500E-06,-2.2428415010E+00,-3.5747041237E+00
-160.5000E-06,-2.2692802565E+00,-3.5708929176E+00
-160.2500E-06,-2.3146730769E+00,-3.5500571308E+00
-160.0000E-06,-2.3405643995E+00,-3.5522212226E+00
-159.7500E-06,-2.3766315241E+00,-3.5428903591E+00
-159.5000E-06,-2.4036084414E+00,-3.5249260516E+00
-159.2500E-06,-2.4344558487E+00,-3.5146814484E+00
-159.0000E-06,-2.4492029073E+00,-3.5204511103E+00
-158.7500E-06,-2.4948143255E+00,-3.5094440416E+00
-158.5000E-06,-2.5255265653E+00,-3.5070366870E+00
-158.2500E-06,-2.5457793276E+00,-3.4885507104E+00
-158.0000E-06,-2.5712520123E+00,-3.4673500837E+00
-157.7500E-06,-2.6061159768E+00,-3.4610934653E+00
-157.5000E-06,-2.6278314405E+00,-3.4524565013E+00
-157.2500E-06,-2.6673317449E+00,-3.4466987956E+00
-157.0000E-06,-2.6924575613E+00,-3.4258281951E+00
-156.7500E-06,-2.7177410482E+00,-3.4119069775E+00
-156.5000E-06,-2.7434344021E+00,-3.3873384340E+00
-156.2500E-06,-2.7627787645E+00,-3.3920946069E+00
-156.0000E-06,-2.7797278748E+00,-3.3714035905E+00
-155.7500E-06,-2.8159323801E+00,-3.3477861359E+00
-155.5000E-06,-2.8517238601E+00,-3.3405394541E+00
-155.2500E-06,-2.8801452013E+00,-3.3237311495E+00
-155.0000E-06,-2.8998061350E+00,-3.3122583187E+00
-154.7500E-06,-2.9251781552E+00,-3.2871951241E+00
-154.5000E-06,-2.9439764806E+00,-3.2724002508E+00
-154.2500E-06,-2.9673885359E+00,-3.2613944197E+00
-154.0000E-06,-3.0019039450E+00,-3.2361636937E+00
-153.7500E-06,-3.0292348372E+00,-3.2136527599E+00
-153.5000E-06,-3.0492944565E+00,-3.1819664593E+00
-153.2500E-06,-3.0792887786E+00,-3.1816936277E+00
-153.0000E-06,-3.0936150450E+00,-3.1530424847E+00
-152.7500E-06,-3.1286477997E+00,-3.1360130285E+00
-152.5000E-06,-3.1490769171E+00,-3.1185579123E+00
-152.2500E-06,-3.1680638101E+00,-3.0970416731E+00
-152.0000E-06,-3.1983759864E+00,-3.0613932421E+00
-151.7500E-06,-3.2170259472E+00,-3.0474279591E+00
-151.5000E-06,-3.2257896727E+00,-3.0207426453E+00
-151.2500E-06,-3.2529764561E+00,-2.9930502284E+00
-151.0000E-06,-3.2825704433E+00,-2.9735641527E+00
-150.7500E-06,-3.2885842318E+00,-2.9469351923E+00
-150.5000E-06,-3.3144608800E+00,-2.9260616039E+00
-150.2500E-06,-3.3268027820E+00,-2.9028091971E+00
-150.0000E-06,-3.3597341750E+00,-2.8735495672E+00
-149.7500E-06,-3.3631573599E+00,-2.8565278386E+00
-149.5000E-06,-3.3691008653E+00,-2.8235497103E+00
-149.2500E-06,-3.3841479470E+00,-2.7944176077E+00
-149.0000E-06,-3.4145656194E+00,-2.7664108612E+00
-148.7500E-06,-3.4218711316E+00,-2.7470087887E+00
-148.5000E-06,-3.4259431828E+00,-2.7162851564E+00
-148.2500E-06,-3.4223039328E+00,-2.6952688371E+00
-148.0000E-06,-3.4310425924E+00,-2.6638380509E+00
-147.7500E-06,-3.4589353689E+00,-2.6432154257E+00
-147.5000E-06,-3.4470791088E+00,-2.6122957545E+00
-147.2500E-06,-3.4539600720E+00,-2.5707562080E+00
-147.0000E-06,-3.4648865251E+00,-2.5419182115E+00
-146.7500E-06,-3.4631889430E+00,-2.5259838535E+00
-146.5000E-06,-3.4655431281E+00,-2.4939586865E+00
-146.2500E-06,-3.4730028239E+00,-2.4581771728E+00
-146.0000E-06,-3.4800091330E+00,-2.4233929753E+00
-145.7500E-06,-3.4852784122E+00,-2.3899713242E+00
-145.5000E-06,-3.4867673674E+00,-2.3594792547E+00
-145.2500E-06,-3.4943192899E+00,-2.3297935758E+00
-145.0000E-06,-3.5060314789E+00,-2.2941151553E+00
-144.7500E-06,-3.4920187822E+00,-2.2700117798E+00
-144.5000E-06,-3.4962538347E+00,-2.2326484179E+00
-144.2500E-06,-3.5043223053E+00,-2.2165223838E+00
-144.0000E-06,-3.4873705537E+00,-2.1737201685E+00
-143.7500E-06,-3.5058063142E+00,-2.1251514828E+00
-143.5000E-06,-3.4938879390E+00,-2.0897931612E+00
-143.2500E-06,-3.5057453448E+00,-2.0676674356E+00
-143.0000E-06,-3.5052586339E+00,-2.0259306758E+00
-142.7500E-06,-3.5103913029E+00,-2.0003723749E+00
-142.5000E-06,-3.4961020691E+00,-1.9667379752E+00
-142.2500E-06,-3.5086970615E+00,-1.9241386417E+00
-142.0000E-06,-3.5028919664E+00,-1.8929494660E+00
-141.7500E-06,-3.5081121571E+00,-1.8532572908E+00
-141.5000E-06,-3.4987828071E+00,-1.8196253409E+00
-141.2500E-06,-3.5020945229E+00,-1.7873356625E+00
-141.0000E-06,-3.5030099419E+00,-1.7511441748E+00
-140.7500E-06,-3.5000069763E+00,-1.7097225632E+00
-140.5000E-06,-3.5013442820E+00,-1.6716229881E+00
-140.2500E-06,-3.4972874660E+00,-1.6357041707E+00
-140.0000E-06,-3.4850130746E+00,-1.6039925299E+00
-139.7500E-06,-3.4909202966E+00,-1.5608138185E+00
-139.5000E-06,-3.4891917496E+00,-1.5192673691E+00
-139.2500E-06,-3.4940502603E+00,-1.4791528189E+00
-139.0000E-06,-3.4806846361E+00,-1.4474312162E+00
-138.7500E-06,-3.4763206377E+00,-1.4165811647E+00
-138.5000E-06,-3.4743164370E+00,-1.3750692922E+00
-138.2500E-06,-3.4833923771E+00,-1.3367661238E+00
-138.0000E-06,-3.4691445117E+00,-1.2932852577E+00
-137.7500E-06,-3.4783027001E+00,-1.2530440168E+00
-137.5000E-06,-3.4596829942E+00,-1.2171687387E+00
-137.2500E-06,-3.4620664678E+00,-1.1778998386E+00
-137.0000E-06,-3.4577694253E+00,-1.1374812116E+00
-136.7500E-06,-3.4464082158E+00,-1.1068696890E+00
-136.5000E-06,-3.4337677274E+00,-1.0586603571E+00
-136.2500E-06,-3.4354712235E+00,-1.0245569361E+00
-136.0000E-06,-3.4214862913E+00,-978.1128688E-03
-135.7500E-06,-3.4229538212E+00,-954.8435926E-03
-135.5000E-06,-3.4040115921E+00,-896.1469270E-03
-135.2500E-06,-3.3808271497E+00,-858.1184279E-03
-135.0000E-06,-3.3761731715E+00,-820.1872148E-03
-134.7500E-06,-3.3692685535E+00,-771.0166573E-03
-134.5000E-06,-3.3471832043E+00,-728.7460429E-03
-134.2500E-06,-3.3312882203E+00,-697.9728246E-03
-134.0000E-06,-3.3228827149E+00,-657.0848491E-03
-133.7500E-06,-3.2887486321E+00,-620.6309469E-03
-133.5000E-06,-3.2676920041E+00,-583.5484382E-03
-133.2500E-06,-3.2498752592E+00,-533.2426246E-03
-133.0000E-06,-3.2407572075E+00,-507.7555972E-03
-132.7500E-06,-3.2078611904E+00,-443.3600576E-03
-132.5000E-06,-3.1789655485E+00,-427.0405759E-03
-132.2500E-06,-3.1684537308E+00,-370.8505258E-03
-132.0000E-06,-3.1460264776E+00,-338.9192982E-03
-131.7500E-06,-3.1179090852E+00,-300.0577701E-03
-131.5000E-06,-3.0857817703E+00,-250.0620168E-03
-131.2500E-06,-3.0689579109E+00,-215.5472438E-03
-131.0000E-06,-3.0436431124E+00,-177.5438422E-03
-130.7500E-06,-3.0280787967E+00,-145.3571484E-03
-130.5000E-06,-2.9929269961E+00,-86.2696997E-03
-130.2500E-06,-2.9677047062E+00,-52.1285916E-03
-130.0000E-06,-2.9502566453E+00,-6.2473117E-03
-129.7500E-06,-2.9272657138E+00,+22.1689279E-03
-129.5000E-06,-2.8911010151E+00,+75.7348874E-03
-129.2500E-06,-2.8645352403E+00,+120.6651478E-03
-129.0000E-06,-2.8450664440E+00,+145.3460182E-03
-128.7500E-06,-2.8083276816E+00,+203.2023162E-03
-128.5000E-06,-2.8038850047E+00,+237.3069447E-03
-128.2500E-06,-2.7561016026E+00,+281.7723491E-03
-128.0000E-06,-2.7308071408E+00,+312.8742457E-03
-127.7500E-06,-2.6977522651E+00,+351.0355034E-03
-127.5000E-06,-2.6793155504E+00,+395.7609614E-03
-127.2500E-06,-2.6468049284E+00,+437.3486647E-03
-127.0000E-06,-2.6089509768E+00,+463.2621903E-03
-126.7500E-06,-2.5893403451E+00,+513.7259489E-03
-126.5000E-06,-2.5548518079E+00,+547.8256825E-03
-126.2500E-06,-2.5363711258E+00,+589.3096203E-03
-126.0000E-06,-2.4984521735E+00,+642.4544861E-03
-125.7500E-06,-2.4648579377E+00,+674.4143600E-03
-125.5000E-06,-2.4420209532E+00,+722.8268661E-03
-125.2500E-06,-2.4095696755E+00,+765.1091368E-03
-125.0000E-06,-2.3795240850E+00,+799.8035091E-03
-124.7500E-06,-2.3551058221E+00,+841.3776550E-03
-124.5000E-06,-2.3129929612E+00,+872.2850489E-03
-124.2500E-06,-2.2838562606E+00,+914.5747005E-03
-124.0000E-06,-2.2427870396E+00,+952.5602920E-03
-123.7500E-06,-2.2160248744E+00,+998.9149079E-03
-123.5000E-06,-2.1889774148E+00,+1.0384871160E+00
-123.2500E-06,-2.1523673557E+00,+1.0891562664E+00
-123.0000E-06,-2.1158128131E+00,+1.1235517266E+00
-122.7500E-06,-2.0886694680E+00,+1.1534286942E+00
-122.5000E-06,-2.0512418758E+00,+1.1924946598E+00
-122.2500E-06,-2.0155575201E+00,+1.2322876487E+00
-122.0000E-06,-1.9880386875E+00,+1.2649912343E+00
-121.7500E-06,-1.9517419343E+00,+1.2980405381E+00
-121.5000E-06,-1.9146718734E+00,+1.3406497339E+00
-121.2500E-06,-1.8854517772E+00,+1.3789141224E+00
-121.0000E-06,-1.8415631064E+00,+1.4178908537E+00
-120.7500E-06,-1.8071641925E+00,+1.4489472061E+00
-120.5000E-06,-1.7786987603E+00,+1.5077139377E+00
-120.2500E-06,-1.7350921307E+00,+1.5352887332E+00
-120.0000E-06,-1.7133684102E+00,+1.5666600484E+00
-119.7500E-06,-1.6799606586E+00,+1.6066090270E+00
-119.5000E-06,-1.6408328959E+00,+1.6300654492E+00
-119.2500E-06,-1.5983455304E+00,+1.6718143402E+00
-119.0000E-06,-1.5577343573E+00,+1.7219552711E+00
-118.7500E-06,-1.5215079053E+00,+1.7423868398E+00
-118.5000E-06,-1.5004218230E+00,+1.7815024622E+00
-118.2500E-06,-1.4561469778E+00,+1.8211990077E+00
-118.0000E-06,-1.4232141466E+00,+1.8438575764E+00
-117.7500E-06,-1.3781655654E+00,+1.8882024846E+00
-117.5000E-06,-1.3428361314E+00,+1.9158145918E+00
-117.2500E-06,-1.3020644776E+00,+1.9705123852E+00
-117.0000E-06,-1.2642124270E+00,+1.9756918422E+00
-116.7500E-06,-1.2246532622E+00,+2.0149911177E+00
-116.5000E-06,-1.1894733067E+00,+2.0483504094E+00
-116.2500E-06,-1.1508763911E+00,+2.0798242961E+00
-116.0000E-06,-1.1104806440E+00,+2.1207178315E+00
-115.7500E-06,-1.0710585281E+00,+2.1386610575E+00
-115.5000E-06,-1.0476797412E+00,+2.1759399383E+00
-115.2500E-06,-998.8502465E-03,+2.2214870178E+00
-115.0000E-06,-958.7038646E-03,+2.2432778192E+00
-114.7500E-06,-929.6153722E-03,+2.2680349500E+00
-114.5000E-06,-883.0142373E-03,+2.3037486922E+00
-114.2500E-06,-847.4292466E-03,+2.3288670402E+00
-114.0000E-06,-809.8857065E-03,+2.3610401933E+00
-113.7500E-06,-762.9312585E-03,+2.3762125908E+00
-113.5000E-06,-730.1870914E-03,+2.4185922351E+00
-113.2500E-06,-693.8076798E-03,+2.4438391973E+00
-113.0000E-06,-660.5632099E-03,+2.4776956380E+00
-112.7500E-06,-610.9787889E-03,+2.4936002176E+00
-112.5000E-06,-577.7117827E-03,+2.5369578905E+00
-112.2500E-06,-544.2416401E-03,+2.5583280024E+00
-112.0000E-06,-492.6091339E-03,+2.5773760578E+00
-111.7500E-06,-457.8227791E-03,+2.6182846700E+00
-111.5000E-06,-420.0160120E-03,+2.6375717987E+00
-111.2500E-06,-372.7447514E-03,+2.6657085102E+00
-111.0000E-06,-333.6725341E-03,+2.6997572317E+00
-110.7500E-06,-301.7589115E-03,+2.7091237214E+00
-110.5000E-06,-264.9392892E-03,+2.7309254345E+00
-110.2500E-06,-218.7551429E-03,+2.7588484733E+00
-110.0000E-06,-177.5910252E-03,+2.7861956876E+00
-109.7500E-06,-161.8243358E-03,+2.8080140258E+00
-109.5000E-06,-93.2792048E-03,+2.8437495248E+00
-109.2500E-06,-57.0219959E-03,+2.8499638417E+00
-109.0000E-06,-30.3653118E-03,+2.8657949393E+00
-108.7500E-06,+7.4879915E-03,+2.8842001102E+00
-108.5000E-06,+58.4288579E-03,+2.9108127575E+00
-108.2500E-06,+80.8219639E-03,+2.9417767474E+00
-108.0000E-06,+140.3712852E-03,+2.9473261804E+00
-107.7500E-06,+176.6030121E-03,+2.9836796156E+00
-107.5000E-06,+212.1676586E-03,+2.9886812838E+00
-107.2500E-06,+242.7775997E-03,+3.0152762009E+00
-107.0000E-06,+297.2319314E-03,+3.0477350555E+00
-106.7500E-06,+319.5901077E-03,+3.0494182467E+00
-106.5000E-06,+368.5188678E-03,+3.0741957865E+00
-106.2500E-06,+410.0134428E-03,+3.0724525501E+00
-106.0000E-06,+444.1320312E-03,+3.1126292034E+00
-105.7500E-06,+482.2075822E-03,+3.1177096451E+00
-105.5000E-06,+524.5839008E-03,+3.1303612622E+00
-105.2500E-06,+557.8867819E-03,+3.1452260944E+00
-105.0000E-06,+592.9994919E-03,+3.1618651158E+00
-104.7500E-06,+644.6429775E-03,+3.1748756601E+00
-104.5000E-06,+679.4027182E-03,+3.1932125139E+00
-104.2500E-06,+732.2359967E-03,+3.2019091146E+00
-104.0000E-06,+767.9319137E-03,+3.2147343521E+00
-103.7500E-06,+798.8265673E-03,+3.2365746898E+00
-103.5000E-06,+837.8213650E-03,+3.2378317793E+00
-103.2500E-06,+897.4042320E-03,+3.2485624240E+00
-103.0000E-06,+921.1590145E-03,+3.2615079842E+00
-102.7500E-06,+964.8665814E-03,+3.2757515561E+00
-102.5000E-06,+1.0005749176E+00,+3.2828908891E+00
-102.2500E-06,+1.0466646225E+00,+3.2993771168E+00
-102.0000E-06,+1.0795221340E+00,+3.3137256225E+00
-101.7500E-06,+1.1117853099E+00,+3.3241054882E+00
-101.5000E-06,+1.1501910770E+00,+3.3367080635E+00
-101.2500E-06,+1.2036632238E+00,+3.3376368756E+00
-101.0000E-06,+1.2445224520E+00,+3.3408704511E+00
-100.7500E-06,+1.2632934698E+00,+3.3516223611E+00
-100.5000E-06,+1.3115866496E+00,+3.3563311611E+00
-100.2500E-06,+1.3436472317E+00,+3.3731358717E+00
-100.0000E-06,+1.3965329740E+00,+3.3707803117E+00
-99.7500E-06,+1.4282809466E+00,+3.3761363483E+00
-99.5000E-06,+1.4622589539E+00,+3.3779393874E+00
-99.2500E-06,+1.4879043047E+00,+3.3857006002E+00
-99.0000E-06,+1.5306786847E+00,+3.3790687233E+00
-98.7500E-06,+1.5637043864E+00,+3.3979803780E+00
-98.5000E-06,+1.6008661375E+00,+3.3846486960E+00
-98.2500E-06,+1.6470002259E+00,+3.3955201691E+00
-98.0000E-06,+1.6727838105E+00,+3.4056709641E+00
-97.7500E-06,+1.7132452759E+00,+3.3948290916E+00
-97.5000E-06,+1.7479324119E+00,+3.3992798957E+00
-97.2500E-06,+1.7745907648E+00,+3.4002427902E+00
-97.0000E-06,+1.8200095224E+00,+3.3930852853E+00
-96.7500E-06,+1.8533495915E+00,+3.3852910287E+00
-96.5000E-06,+1.8752656002E+00,+3.3932644941E+00
-96.2500E-06,+1.9080808403E+00,+3.3876851154E+00
-96.0000E-06,+1.9541066602E+00,+3.3930611451E+00
-95.7500E-06,+1.9798694318E+00,+3.3876641636E+00
-95.5000E-06,+2.0115184012E+00,+3.3874057426E+00
-95.2500E-06,+2.0470737913E+00,+3.3821526468E+00
-95.0000E-06,+2.0711660683E+00,+3.3864193772E+00
-94.7500E-06,+2.1063419956E+00,+3.3762505581E+00
-94.5000E-06,+2.1488423516E+00,+3.3621207994E+00
-94.2500E-06,+2.1704033964E+00,+3.3614576717E+00
-94.0000E-06,+2.1986567463E+00,+3.3540573414E+00
-93.7500E-06,+2.2322855741E+00,+3.3519005068E+00
-93.5000E-06,+2.2737809918E+00,+3.3439168157E+00
-93.2500E-06,+2.2988109708E+00,+3.3262372750E+00
-93.0000E-06,+2.3287489184E+00,+3.3246659932E+00
-92.7500E-06,+2.3527742696E+00,+3.3129160011E+00
-92.5000E-06,+2.3761750757E+00,+3.3086025189E+00
-92.2500E-06,+2.4177490106E+00,+3.2942368513E+00
-92.0000E-06,+2.4406007962E+00,+3.2922356627E+00
-91.7500E-06,+2.4563125719E+00,+3.2695426136E+00
-91.5000E-06,+2.4925690014E+00,+3.2639332062E+00
-91.2500E-06,+2.5299086994E+00,+3.2611076313E+00
-91.0000E-06,+2.5420570197E+00,+3.2372867206E+00
-90.7500E-06,+2.5704652453E+00,+3.2359430351E+00
-90.5000E-06,+2.6039198467E+00,+3.2257521621E+00
-90.2500E-06,+2.6302075287E+00,+3.2067852199E+00
-90.0000E-06,+2.6510763261E+00,+3.1893929033E+00
-89.7500E-06,+2.6830415639E+00,+3.1811605405E+00
-89.5000E-06,+2.7072912567E+00,+3.1582783659E+00
-89.2500E-06,+2.7338253476E+00,+3.1547689241E+00
-89.0000E-06,+2.7623035969E+00,+3.1341969402E+00
-88.7500E-06,+2.7919951581E+00,+3.1265173893E+00
-88.5000E-06,+2.8024993718E+00,+3.1036624258E+00
-88.2500E-06,+2.8241663002E+00,+3.0895352526E+00
-88.0000E-06,+2.8499906669E+00,+3.0618915308E+00
-87.7500E-06,+2.8660847488E+00,+3.0605413613E+00
-87.5000E-06,+2.9012493258E+00,+3.0415922548E+00
-87.2500E-06,+2.9182137482E+00,+3.0164687420E+00
-87.0000E-06,+2.9390143536E+00,+2.9993790536E+00
-86.7500E-06,+2.9508158055E+00,+2.9793682695E+00
-86.5000E-06,+2.9786024210E+00,+2.9622966218E+00
-86.2500E-06,+3.0066367224E+00,+2.9328154935E+00
-86.0000E-06,+3.0221557259E+00,+2.9171011504E+00
-85.7500E-06,+3.0404423530E+00,+2.8992340356E+00
-85.5000E-06,+3.0559111057E+00,+2.8696593811E+00
-85.2500E-06,+3.0771517108E+00,+2.8472394469E+00
-85.0000E-06,+3.0972694413E+00,+2.8336331741E+00
-84.7500E-06,+3.1094239667E+00,+2.8025217422E+00
-84.5000E-06,+3.1339989082E+00,+2.7872388707E+00
-84.2500E-06,+3.1342209659E+00,+2.7535933951E+00
-84.0000E-06,+3.1571103389E+00,+2.7373833834E+00
-83.7500E-06,+3.1808405018E+00,+2.7106494620E+00
-83.5000E-06,+3.1865062550E+00,+2.6860124942E+00
-83.2500E-06,+3.2077034942E+00,+2.6578127946E+00
-83.0000E-06,+3.2312034135E+00,+2.6311533231E+00
-82.7500E-06,+3.2280477537E+00,+2.6080776588E+00
-82.5000E-06,+3.2425467179E+00,+2.5720096688E+00
-82.2500E-06,+3.2555491441E+00,+2.5633918069E+00
-82.0000E-06,+3.2680088619E+00,+2.5345511510E+00
-81.7500E-06,+3.2803624217E+00,+2.4954722251E+00
-81.5000E-06,+3.3012453042E+00,+2.4764224662E+00
-81.2500E-06,+3.2998081074E+00,+2.4379659900E+00
-81.0000E-06,+3.3139451384E+00,+2.4137845736E+00
-80.7500E-06,+3.3182610915E+00,+2.3923152611E+00
-80.5000E-06,+3.3335368339E+00,+2.3680474824E+00
-80.2500E-06,+3.3411855420E+00,+2.3360933868E+00
-80.0000E-06,+3.3510825487E+00,+2.3080549126E+00
-79.7500E-06,+3.3619245041E+00,+2.2703915759E+00
-79.5000E-06,+3.3633044279E+00,+2.2438163518E+00
-79.2500E-06,+3.3619561112E+00,+2.2059278910E+00
-79.0000E-06,+3.3754549719E+00,+2.1803448333E+00
-78.7500E-06,+3.3822128414E+00,+2.1487122885E+00
-78.5000E-06,+3.4024931103E+00,+2.1105961636E+00
-78.2500E-06,+3.4078497198E+00,+2.0820441444E+00
-78.0000E-06,+3.4076015576E+00,+2.0554853555E+00
-77.7500E-06,+3.4137313347E+00,+2.0109480399E+00
-77.5000E-06,+3.4199841225E+00,+1.9804493628E+00
-77.2500E-06,+3.4124620402E+00,+1.9480923335E+00
-77.0000E-06,+3.4160119202E+00,+1.9185295629E+00
-76.7500E-06,+3.4185208544E+00,+1.8793242388E+00
-76.5000E-06,+3.4251739966E+00,+1.8505142644E+00
-76.2500E-06,+3.4338881542E+00,+1.8302318457E+00
-76.0000E-06,+3.4286548931E+00,+1.7750088645E+00
-75.7500E-06,+3.4381262081E+00,+1.7511656889E+00
-75.5000E-06,+3.4245491062E+00,+1.7162404821E+00
-75.2500E-06,+3.4321394273E+00,+1.6740298377E+00
-75.0000E-06,+3.4372742565E+00,+1.6223356671E+00
-74.7500E-06,+3.4384444906E+00,+1.6054353799E+00
-74.5000E-06,+3.4129115465E+00,+1.5647398358E+00
-74.2500E-06,+3.4250001622E+00,+1.5291580004E+00
-74.0000E-06,+3.4143907795E+00,+1.4951589554E+00
-73.7500E-06,+3.4248243046E+00,+1.4508080668E+00
-73.5000E-06,+3.4124451347E+00,+1.4143269294E+00
-73.2500E-06,+3.4211405671E+00,+1.3814384274E+00
-73.0000E-06,+3.4110142213E+00,+1.3417351296E+00
-72.7500E-06,+3.4091819300E+00,+1.3059788854E+00
-72.5000E-06,+3.4008906691E+00,+1.2633947117E+00
-72.2500E-06,+3.3978971512E+00,+1.2300421285E+00
-72.0000E-06,+3.3822146761E+00,+1.1893948483E+00
-71.7500E-06,+3.3739056488E+00,+1.1639016445E+00
-71.5000E-06,+3.3690797266E+00,+1.1156249768E+00
-71.2500E-06,+3.3567261004E+00,+1.0755656825E+00
-71.0000E-06,+3.3460860016E+00,+1.0389304157E+00
-70.7500E-06,+3.3484364510E+00,+998.3680734E-03
-70.5000E-06,+3.3348509038E+00,+959.2159081E-03
-70.2500E-06,+3.3319952098E+00,+905.6993432E-03
-70.0000E-06,+3.3138793011E+00,+870.5827633E-03
-69.7500E-06,+3.2986581438E+00,+833.5394582E-03
-69.5000E-06,+3.2949615605E+00,+796.9882895E-03
-69.2500E-06,+3.2757750300E+00,+756.3193776E-03
-69.0000E-06,+3.2744443711E+00,+714.5078619E-03
-68.7500E-06,+3.2479968356E+00,+669.1652050E-03
-68.5000E-06,+3.2385925835E+00,+632.8351819E-03
-68.2500E-06,+3.2207826044E+00,+590.6073786E-03
-68.0000E-06,+3.2109979080E+00,+550.3586076E-03
-67.7500E-06,+3.1946809906E+00,+514.3065538E-03
-67.5000E-06,+3.1803760829E+00,+476.9110919E-03
-67.2500E-06,+3.1609118726E+00,+444.6648758E-03
-67.0000E-06,+3.1471401789E+00,+396.6244804E-03
-66.7500E-06,+3.1208787235E+00,+346.3120516E-03
-66.5000E-06,+3.1122050012E+00,+309.2427189E-03
-66.2500E-06,+3.0981931081E+00,+267.5832522E-03
-66.0000E-06,+3.0682542485E+00,+232.6323765E-03
-65.7500E-06,+3.0467761440E+00,+172.9263856E-03
-65.5000E-06,+3.0384023905E+00,+158.1106887E-03
-65.2500E-06,+3.0080841388E+00,+102.2340863E-03
-65.0000E-06,+2.9818000055E+00,+72.8202471E-03
-64.7500E-06,+2.9699365756E+00,+24.6195640E-03
-64.5000E-06,+2.9602893276E+00,-1.1418161E-03
-64.2500E-06,+2.9383322415E+00,-51.9044611E-03
-64.0000E-06,+2.9039845326E+00,-107.3621030E-03
-63.7500E-06,+2.8628027028E+00,-140.4678190E-03
-63.5000E-06,+2.8677930570E+00,-171.4794336E-03
-63.2500E-06,+2.8354417156E+00,-203.9326334E-03
-63.0000E-06,+2.8166983039E+00,-246.7562738E-03
-62.7500E-06,+2.7962545890E+00,-285.1127624E-03
-62.5000E-06,+2.7717810959E+00,-339.3870215E-03
-62.2500E-06,+2.7296925591E+00,-383.0442653E-03
-62.0000E-06,+2.7210811962E+00,-408.6821749E-03
-61.7500E-06,+2.6913594615E+00,-461.3759019E-03
-61.5000E-06,+2.6781899456E+00,-493.3512326E-03
-61.2500E-06,+2.6509607491E+00,-551.5503527E-03
-61.0000E-06,+2.6372083941E+00,-583.0513525E-03
-60.7500E-06,+2.5854160901E+00,-627.6563551E-03
-60.5000E-06,+2.5643739285E+00,-659.0071963E-03
-60.2500E-06,+2.5514315899E+00,-697.0593578E-03
-60.0000E-06,+2.5252539086E+00,-733.8637646E-03
-59.7500E-06,+2.4879355030E+00,-784.2185461E-03
-59.5000E-06,+2.4754328339E+00,-825.8261353E-03
-59.2500E-06,+2.4378042369E+00,-862.7188146E-03
-59.0000E-06,+2.4180167150E+00,-906.4345343E-03
-58.7500E-06,+2.3909919394E+00,-936.5755370E-03
-58.5000E-06,+2.3559272581E+00,-977.6502123E-03
-58.2500E-06,+2.3318587897E+00,-1.0309649252E+00
-58.0000E-06,+2.2973916218E+00,-1.0540139256E+00
-57.7500E-06,+2.2617049264E+00,-1.1035447310E+00
-57.5000E-06,+2.2384241010E+00,-1.1445721736E+00
-57.2500E-06,+2.2131174628E+00,-1.1826425190E+00
-57.0000E-06,+2.1780889473E+00,-1.2196590939E+00
-56.7500E-06,+2.1458529418E+00,-1.2624995510E+00
-56.5000E-06,+2.1162974375E+00,-1.2826235875E+00
-56.2500E-06,+2.0827355354E+00,-1.3363031476E+00
-56.0000E-06,+2.0462673071E+00,-1.3798104017E+00
-55.7500E-06,+2.0174817941E+00,-1.4116768217E+00
-55.5000E-06,+1.9823732764E+00,-1.4524046196E+00
-55.2500E-06,+1.9496953039E+00,-1.4896813809E+00
-55.0000E-06,+1.9189044972E+00,-1.5360674923E+00
-54.7500E-06,+1.8856019282E+00,-1.5757970107E+00
-54.5000E-06,+1.8571810634E+00,-1.6077634650E+00
-54.2500E-06,+1.8175163903E+00,-1.6354895739E+00
-54.0000E-06,+1.7844791649E+00,-1.6799602998E+00
-53.7500E-06,+1.7496184131E+00,-1.7166934482E+00
-53.5000E-06,+1.7201889919E+00,-1.7469542279E+00
-53.2500E-06,+1.6688979375E+00,-1.7802757377E+00
-53.0000E-06,+1.6389152175E+00,-1.8182798342E+00
-52.7500E-06,+1.5975368709E+00,-1.8552598784E+00
-52.5000E-06,+1.5634078533E+00,-1.8923231328E+00
-52.2500E-06,+1.5204255835E+00,-1.9315189067E+00
-52.0000E-06,+1.4823922798E+00,-1.9635772034E+00
-51.7500E-06,+1.4614933632E+00,-1.9999207581E+00
-51.5000E-06,+1.4152386821E+00,-2.0446155799E+00
-51.2500E-06,+1.3801671068E+00,-2.0727911332E+00
-51.0000E-06,+1.3432163662E+00,-2.0984574629E+00
-50.7500E-06,+1.2969735871E+00,-2.1410600332E+00
-50.5000E-06,+1.2673369124E+00,-2.1748363632E+00
-50.2500E-06,+1.2304845945E+00,-2.2046441227E+00
-50.0000E-06,+1.1826107069E+00,-2.2489128382E+00
-49.7500E-06,+1.1539811443E+00,-2.2687521291E+00
-49.5000E-06,+1.1055648558E+00,-2.2974007786E+00
-49.2500E-06,+1.0731081736E+00,-2.3402219346E+00
-49.0000E-06,+1.0480660016E+00,-2.3638588199E+00
-48.7500E-06,+991.9607310E-03,-2.3997078096E+00
-48.5000E-06,+962.7727002E-03,-2.4299883939E+00
-48.2500E-06,+921.3574972E-03,-2.4691042364E+00
-48.0000E-06,+874.7665051E-03,-2.4835744248E+00
-47.7500E-06,+842.3883446E-03,-2.5221011825E+00
-47.5000E-06,+794.3230159E-03,-2.5712180821E+00
-47.2500E-06,+741.7604630E-03,-2.5918976683E+00
-47.0000E-06,+699.3399841E-03,-2.6145644802E+00
-46.7500E-06,+678.0003155E-03,-2.6408207902E+00
-46.5000E-06,+635.6856191E-03,-2.6697362714E+00
-46.2500E-06,+598.1588896E-03,-2.6962063190E+00
-46.0000E-06,+553.0552350E-03,-2.7207502263E+00
-45.7500E-06,+520.7996631E-03,-2.7440089588E+00
-45.5000E-06,+468.2795068E-03,-2.7843912028E+00
-45.2500E-06,+435.2215558E-03,-2.7940110106E+00
-45.0000E-06,+407.3604708E-03,-2.8319308839E+00
-44.7500E-06,+356.8427830E-03,-2.8506369795E+00
-44.5000E-06,+322.6883814E-03,-2.8760330600E+00
-44.2500E-06,+286.5744070E-03,-2.9093753904E+00
-44.0000E-06,+241.5019238E-03,-2.9373301193E+00
-43.7500E-06,+194.5337828E-03,-2.9571621634E+00
-43.5000E-06,+158.5431085E-03,-2.9964032674E+00
-43.2500E-06,+128.5726659E-03,-3.0124103687E+00
-43.0000E-06,+82.7497428E-03,-3.0280856620E+00
-42.7500E-06,+46.6159366E-03,-3.0416974676E+00
-42.5000E-06,+3.7012936E-03,-3.0720068700E+00
-42.2500E-06,-41.4102666E-03,-3.0854698150E+00
-42.0000E-06,-85.7570577E-03,-3.1201635812E+00
-41.7500E-06,-113.6388969E-03,-3.1342728177E+00
-41.5000E-06,-152.5741844E-03,-3.1515402783E+00
-41.2500E-06,-194.8483084E-03,-3.1760960500E+00
-41.0000E-06,-234.1914820E-03,-3.1976739069E+00
-40.7500E-06,-282.6195776E-03,-3.2159159922E+00
-40.5000E-06,-314.9590697E-03,-3.2463336737E+00
-40.2500E-06,-347.1120640E-03,-3.2464978961E+00
-40.0000E-06,-390.7158730E-03,-3.2700777888E+00
-39.7500E-06,-430.5422358E-03,-3.2837625276E+00
-39.5000E-06,-465.9121578E-03,-3.3011217296E+00
-39.2500E-06,-499.8437977E-03,-3.3194875583E+00
-39.0000E-06,-550.9119230E-03,-3.3554904527E+00
-38.7500E-06,-586.7952364E-03,-3.3566108444E+00
-38.5000E-06,-621.9344716E-03,-3.3613988596E+00
-38.2500E-06,-664.0362717E-03,-3.3828096283E+00
-38.0000E-06,-711.4735983E-03,-3.4050324033E+00
-37.7500E-06,-753.8250666E-03,-3.4041953929E+00
-37.5000E-06,-784.3890851E-03,-3.4248525665E+00
-37.2500E-06,-832.1696876E-03,-3.4285308934E+00
-37.0000E-06,-877.0058504E-03,-3.4506786577E+00
-36.7500E-06,-920.0147147E-03,-3.4628142152E+00
-36.5000E-06,-943.1475329E-03,-3.4736656380E+00
-36.2500E-06,-969.4270756E-03,-3.4878360761E+00
-36.0000E-06,-1.0238439857E+00,-3.5034557426E+00
-35.7500E-06,-1.0494870963E+00,-3.5117926383E+00
-35.5000E-06,-1.1116636544E+00,-3.5058342052E+00
-35.2500E-06,-1.1297177811E+00,-3.5246679608E+00
-35.0000E-06,-1.1565671484E+00,-3.5291542870E+00
-34.7500E-06,-1.2086227276E+00,-3.5407249300E+00
-34.5000E-06,-1.2508724747E+00,-3.5428578776E+00
-34.2500E-06,-1.2879828955E+00,-3.5408956921E+00
-34.0000E-06,-1.3245861059E+00,-3.5577548309E+00
-33.7500E-06,-1.3599986295E+00,-3.5697735480E+00
-33.5000E-06,-1.4022791123E+00,-3.5722943691E+00
-33.2500E-06,-1.4476491945E+00,-3.5876077110E+00
-33.0000E-06,-1.4759390329E+00,-3.5855442037E+00
-32.7500E-06,-1.5179255393E+00,-3.5860291960E+00
-32.5000E-06,-1.5535737080E+00,-3.5948756688E+00
-32.2500E-06,-1.5882406837E+00,-3.5908820640E+00
-32.0000E-06,-1.6151665949E+00,-3.6036663220E+00
-31.7500E-06,-1.6534300758E+00,-3.6020027485E+00
-31.5000E-06,-1.6895749744E+00,-3.6159839255E+00
-31.2500E-06,-1.7251524440E+00,-3.6100285542E+00
-31.0000E-06,-1.7617373816E+00,-3.6178777019E+00
-30.7500E-06,-1.7913593352E+00,-3.6076900852E+00
-30.5000E-06,-1.8308866653E+00,-3.6146632254E+00
-30.2500E-06,-1.8578029945E+00,-3.6147080672E+00
-30.0000E-06,-1.8978990442E+00,-3.6119994006E+00
-29.7500E-06,-1.9316327471E+00,-3.6124385741E+00
-29.5000E-06,-1.9729207845E+00,-3.6051386067E+00
-29.2500E-06,-2.0094525707E+00,-3.6083738647E+00
-29.0000E-06,-2.0260615454E+00,-3.6019283348E+00
-28.7500E-06,-2.0631144219E+00,-3.5978489087E+00
-28.5000E-06,-2.0919378420E+00,-3.5962986676E+00
-28.2500E-06,-2.1230389412E+00,-3.6019581389E+00
-28.0000E-06,-2.1641110567E+00,-3.5859640084E+00
-27.7500E-06,-2.1930804731E+00,-3.5792412887E+00
-27.5000E-06,-2.2276354431E+00,-3.5733353889E+00
-27.2500E-06,-2.2609779227E+00,-3.5682178918E+00
-27.0000E-06,-2.2789057975E+00,-3.5561985038E+00
-26.7500E-06,-2.3182748208E+00,-3.5459374127E+00
-26.5000E-06,-2.3398930904E+00,-3.5437801725E+00
-26.2500E-06,-2.3732471343E+00,-3.5305352510E+00
-26.0000E-06,-2.4089652409E+00,-3.5385136385E+00
-25.7500E-06,-2.4447674033E+00,-3.5147599762E+00
-25.5000E-06,-2.4758639316E+00,-3.5116881432E+00
-25.2500E-06,-2.4925959682E+00,-3.5015901633E+00
-25.0000E-06,-2.5288363892E+00,-3.4820074724E+00
-24.7500E-06,-2.5532863557E+00,-3.4851160969E+00
-24.5000E-06,-2.6026781221E+00,-3.4643456061E+00
-24.2500E-06,-2.6229590392E+00,-3.4600410847E+00
-24.0000E-06,-2.6520283030E+00,-3.4466805273E+00
-23.7500E-06,-2.6826535065E+00,-3.4266257487E+00
-23.5000E-06,-2.6993919667E+00,-3.4076347733E+00
-23.2500E-06,-2.7327848766E+00,-3.3909710342E+00
-23.0000E-06,-2.7687548222E+00,-3.3879354168E+00
-22.7500E-06,-2.7877801560E+00,-3.3795128477E+00
-22.5000E-06,-2.8100526466E+00,-3.3567455733E+00
-22.2500E-06,-2.8435073521E+00,-3.3507987859E+00
-22.0000E-06,-2.8747250444E+00,-3.3307679335E+00
-21.7500E-06,-2.8926244764E+00,-3.3044080871E+00
-21.5000E-06,-2.9151262714E+00,-3.2962127042E+00
-21.2500E-06,-2.9489090628E+00,-3.2774929323E+00
-21.0000E-06,-2.9720709614E+00,-3.2561927642E+00
-20.7500E-06,-2.9897026151E+00,-3.2360700302E+00
-20.5000E-06,-3.0230827711E+00,-3.2333439817E+00
-20.2500E-06,-3.0477337033E+00,-3.1941980788E+00
-20.0000E-06,-3.0737541617E+00,-3.1715172648E+00
-19.7500E-06,-3.0947239584E+00,-3.1626307954E+00
-19.5000E-06,-3.1203281036E+00,-3.1362401123E+00
-19.2500E-06,-3.1537739537E+00,-3.1110238360E+00
-19.0000E-06,-3.1647155455E+00,-3.0976289564E+00
-18.7500E-06,-3.1937664746E+00,-3.0793097499E+00
-18.5000E-06,-3.2147663285E+00,-3.0509693788E+00
-18.2500E-06,-3.2407705674E+00,-3.0376848964E+00
-18.0000E-06,-3.2642537605E+00,-3.0052913454E+00
-17.7500E-06,-3.2792947773E+00,-2.9785705637E+00
-17.5000E-06,-3.2916114627E+00,-2.9582829561E+00
-17.2500E-06,-3.3087185482E+00,-2.9406245858E+00
-17.0000E-06,-3.3355666371E+00,-2.9122173055E+00
-16.7500E-06,-3.3483305946E+00,-2.8810188705E+00
-16.5000E-06,-3.3649225174E+00,-2.8626354232E+00
-16.2500E-06,-3.3738769332E+00,-2.8357885494E+00
-16.0000E-06,-3.3968005591E+00,-2.8001167560E+00
-15.7500E-06,-3.3950867212E+00,-2.7796790320E+00
-15.5000E-06,-3.4204254308E+00,-2.7488139262E+00
-15.2500E-06,-3.4207811243E+00,-2.7194216870E+00
-15.0000E-06,-3.4235584910E+00,-2.6981758794E+00
-14.7500E-06,-3.4333221950E+00,-2.6861443648E+00
-14.5000E-06,-3.4486046218E+00,-2.6461997204E+00
-14.2500E-06,-3.4553616185E+00,-2.6270291563E+00
-14.0000E-06,-3.4483121469E+00,-2.5793622629E+00
-13.7500E-06,-3.4648177375E+00,-2.5625690865E+00
-13.5000E-06,-3.4716950344E+00,-2.5334018175E+00
-13.2500E-06,-3.4765389431E+00,-2.4941986401E+00
-13.0000E-06,-3.4752053249E+00,-2.4690998706E+00
-12.7500E-06,-3.4784376039E+00,-2.4354725669E+00
-12.5000E-06,-3.4866736089E+00,-2.4202641407E+00
-12.2500E-06,-3.4816786161E+00,-2.3806281199E+00
-12.0000E-06,-3.4949612427E+00,-2.3489720651E+00
-11.7500E-06,-3.5018534717E+00,-2.3217683716E+00
-11.5000E-06,-3.5028625362E+00,-2.2874482010E+00
-11.2500E-06,-3.5011082721E+00,-2.2551754402E+00
-11.0000E-06,-3.4896556001E+00,-2.2142910164E+00
-10.7500E-06,-3.5126560804E+00,-2.1724732550E+00
-10.5000E-06,-3.4981864544E+00,-2.1419397672E+00
-10.2500E-06,-3.4989668114E+00,-2.1093666562E+00
-10.0000E-06,-3.5002435018E+00,-2.0815375687E+00
-9.7500E-06,-3.5216436409E+00,-2.0401264150E+00
-9.5000E-06,-3.5235225092E+00,-2.0059087360E+00
-9.2500E-06,-3.5141857707E+00,-1.9614116582E+00
-9.0000E-06,-3.4954279877E+00,-1.9433102807E+00
-8.7500E-06,-3.5173023521E+00,-1.8956153049E+00
-8.5000E-06,-3.5110212617E+00,-1.8636868044E+00
-8.2500E-06,-3.5124513489E+00,-1.8382754012E+00
-8.0000E-06,-3.5107125326E+00,-1.7942080568E+00
-7.7500E-06,-3.5130338820E+00,-1.7689936137E+00
-7.5000E-06,-3.5190748830E+00,-1.7341727770E+00
-7.2500E-06,-3.5168482644E+00,-1.6910000189E+00
-7.0000E-06,-3.5090751737E+00,-1.6582870036E+00
-6.7500E-06,-3.4951429540E+00,-1.6165707071E+00
-6.5000E-06,-3.4914107280E+00,-1.5657500218E+00
-6.2500E-06,-3.4967651667E+00,-1.5402599070E+00
-6.0000E-06,-3.4972582845E+00,-1.5067329512E+00
-5.7500E-06,-3.4870465623E+00,-1.4617354440E+00
-5.5000E-06,-3.4931497886E+00,-1.4259037971E+00
-5.2500E-06,-3.4886890664E+00,-1.3825490819E+00
-5.0000E-06,-3.4700337011E+00,-1.3353440657E+00
-4.7500E-06,-3.4762909452E+00,-1.3032571740E+00
-4.5000E-06,-3.4816926045E+00,-1.2670618587E+00
-4.2500E-06,-3.4630802508E+00,-1.2268645566E+00
-4.0000E-06,-3.4550430994E+00,-1.1800899536E+00
-3.7500E-06,-3.4583078628E+00,-1.1457020508E+00
-3.5000E-06,-3.4476502916E+00,-1.1150740222E+00
-3.2500E-06,-3.4538067959E+00,-1.0662908678E+00
-3.0000E-06,-3.4504058066E+00,-1.0381358773E+00
-2.7500E-06,-3.4377771146E+00,-1.0020411074E+00
-2.5000E-06,-3.4318423801E+00,-951.2387929E-03
-2.2500E-06,-3.4175554091E+00,-908.1048646E-03
-2.0000E-06,-3.4042738408E+00,-870.0835474E-03
-1.7500E-06,-3.3934177039E+00,-827.9597493E-03
-1.5000E-06,-3.3805495694E+00,-787.5544263E-03
-1.2500E-06,-3.3584167779E+00,-752.7819891E-03
-1.0000E-06,-3.3522882144E+00,-709.6640648E-03
-750.0E-09,-3.3312047010E+00,-668.9058704E-03
-500.0E-09,-3.3109690176E+00,-630.1622666E-03
-250.0E-09,-3.3121413984E+00,-587.9320392E-03
+0.0E+00,-3.2777363065E+00,-556.3433307E-03
+250.0E-09,-3.2520905864E+00,-519.1706786E-03
+500.0E-09,-3.2413481889E+00,-479.0081103E-03
+750.0E-09,-3.2147816647E+00,-431.2148655E-03
+1.0000E-06,-3.1911622337E+00,-388.1544855E-03
+1.2500E-06,-3.1714431466E+00,-344.8195568E-03
+1.5000E-06,-3.1542844641E+00,-301.2448268E-03
+1.7500E-06,-3.1284487155E+00,-264.2182734E-03
+2.0000E-06,-3.0842102035E+00,-223.4350855E-03
+2.2500E-06,-3.0622236735E+00,-173.7602015E-03
+2.5000E-06,-3.0447755931E+00,-143.5116675E-03
+2.7500E-06,-3.0139809783E+00,-100.4422936E-03
+3.0000E-06,-2.9745925725E+00,-50.4894358E-03
+3.2500E-06,-2.9502842831E+00,-17.2650719E-03
+3.5000E-06,-2.9292276793E+00,+20.4323322E-03
+3.7500E-06,-2.9056973167E+00,+66.0837063E-03
+4.0000E-06,-2.8824578989E+00,+97.5574814E-03
+4.2500E-06,-2.8526715224E+00,+145.4817345E-03
+4.5000E-06,-2.8178347992E+00,+175.6267804E-03
+4.7500E-06,-2.7983266622E+00,+232.3518308E-03
+5.0000E-06,-2.7553356878E+00,+264.1490653E-03
+5.2500E-06,-2.7437931951E+00,+304.2689522E-03
+5.5000E-06,-2.7074260805E+00,+340.5745772E-03
+5.7500E-06,-2.6788764990E+00,+380.8319698E-03
+6.0000E-06,-2.6531119319E+00,+413.9884808E-03
+6.2500E-06,-2.6266416582E+00,+467.2692394E-03
+6.5000E-06,-2.5904162825E+00,+508.6620705E-03
+6.7500E-06,-2.5673367197E+00,+541.8178805E-03
+7.0000E-06,-2.5251673471E+00,+587.4844852E-03
+7.2500E-06,-2.5077112978E+00,+626.0289550E-03
+7.5000E-06,-2.4571452074E+00,+665.1124714E-03
+7.7500E-06,-2.4461551196E+00,+712.1217818E-03
+8.0000E-06,-2.4187429785E+00,+738.8089377E-03
+8.2500E-06,-2.3739745224E+00,+774.4491949E-03
+8.5000E-06,-2.3547160491E+00,+829.2383965E-03
+8.7500E-06,-2.3035783447E+00,+859.6402459E-03
+9.0000E-06,-2.2817421723E+00,+892.4379367E-03
+9.2500E-06,-2.2548187939E+00,+930.9162240E-03
+9.5000E-06,-2.2218312902E+00,+984.6447596E-03
+9.7500E-06,-2.1883127570E+00,+1.0242225441E+00
+10.0000E-06,-2.1620466615E+00,+1.0636411852E+00
+10.2500E-06,-2.1193868183E+00,+1.1003484475E+00
+10.5000E-06,-2.0880119951E+00,+1.1429795208E+00
+10.7500E-06,-2.0537076567E+00,+1.1697053437E+00
+11.0000E-06,-2.0191737711E+00,+1.2193325321E+00
+11.2500E-06,-1.9969654142E+00,+1.2625460465E+00
+11.5000E-06,-1.9530503494E+00,+1.2964439371E+00
+11.7500E-06,-1.9175754167E+00,+1.3275864966E+00
+12.0000E-06,-1.8872995660E+00,+1.3708398824E+00
+12.2500E-06,-1.8472023601E+00,+1.4010633355E+00
+12.5000E-06,-1.8288250033E+00,+1.4446444108E+00
+12.7500E-06,-1.7736852006E+00,+1.4795782196E+00
+13.0000E-06,-1.7519986229E+00,+1.5195994364E+00
+13.2500E-06,-1.7198737321E+00,+1.5518961400E+00
+13.5000E-06,-1.6876840820E+00,+1.6011888551E+00
+13.7500E-06,-1.6522211326E+00,+1.6321722244E+00
+14.0000E-06,-1.5995942787E+00,+1.6756851106E+00
+14.2500E-06,-1.5780821445E+00,+1.7035680459E+00
+14.5000E-06,-1.5498364197E+00,+1.7425540425E+00
+14.7500E-06,-1.4997815828E+00,+1.7786564014E+00
+15.0000E-06,-1.4577071401E+00,+1.8015486614E+00
+15.2500E-06,-1.4404277322E+00,+1.8499035629E+00
+15.5000E-06,-1.3921361082E+00,+1.8629899395E+00
+15.7500E-06,-1.3622852121E+00,+1.9084390785E+00
+16.0000E-06,-1.3276177343E+00,+1.9433060324E+00
+16.2500E-06,-1.2850148219E+00,+1.9834281806E+00
+16.5000E-06,-1.2460679897E+00,+2.0003308663E+00
+16.7500E-06,-1.2081026504E+00,+2.0366530034E+00
+17.0000E-06,-1.1587735992E+00,+2.0616574612E+00
+17.2500E-06,-1.1369021533E+00,+2.0973205833E+00
+17.5000E-06,-1.0872043442E+00,+2.1441843452E+00
+17.7500E-06,-1.0541102635E+00,+2.1831999107E+00
+18.0000E-06,-1.0169299968E+00,+2.2037256056E+00
+18.2500E-06,-979.5953415E-03,+2.2368887558E+00
+18.5000E-06,-931.2725763E-03,+2.2560169792E+00
+18.7500E-06,-906.8004505E-03,+2.2982629242E+00
+19.0000E-06,-860.2729951E-03,+2.3254433820E+00
+19.2500E-06,-824.7285376E-03,+2.3512817748E+00
+19.5000E-06,-775.9428596E-03,+2.3802154610E+00
+19.7500E-06,-741.7609635E-03,+2.4136612810E+00
+20.0000E-06,-713.1615940E-03,+2.4265250557E+00
+20.2500E-06,-665.4165075E-03,+2.4611542705E+00
+20.5000E-06,-626.6957550E-03,+2.4902809053E+00
+20.7500E-06,-596.3583139E-03,+2.5192121342E+00
+21.0000E-06,-539.6900148E-03,+2.5450933562E+00
+21.2500E-06,-507.0149895E-03,+2.5763587290E+00
+21.5000E-06,-461.7673060E-03,+2.6038690637E+00
+21.7500E-06,-423.5510578E-03,+2.6288837110E+00
+22.0000E-06,-396.2084626E-03,+2.6622459846E+00
+22.2500E-06,-358.7103719E-03,+2.6820151793E+00
+22.5000E-06,-318.3971550E-03,+2.7081800028E+00
+22.7500E-06,-274.3007980E-03,+2.7266597201E+00
+23.0000E-06,-237.9082889E-03,+2.7509172069E+00
+23.2500E-06,-198.3232185E-03,+2.7799182229E+00
+23.5000E-06,-172.3514415E-03,+2.7965664312E+00
+23.7500E-06,-123.7341270E-03,+2.8188985089E+00
+24.0000E-06,-90.0022739E-03,+2.8419010425E+00
+24.2500E-06,-44.4019060E-03,+2.8657516729E+00
+24.5000E-06,+5.6384434E-03,+2.8868235254E+00
+24.7500E-06,+43.7602954E-03,+2.9035278037E+00
+25.0000E-06,+75.7264256E-03,+2.9319932751E+00
+25.2500E-06,+121.6583062E-03,+2.9448073357E+00
+25.5000E-06,+159.3805229E-03,+2.9731386586E+00
+25.7500E-06,+198.6203335E-03,+2.9997824306E+00
+26.0000E-06,+240.0966251E-03,+3.0148658048E+00
+26.2500E-06,+281.6500047E-03,+3.0303201198E+00
+26.5000E-06,+310.2936718E-03,+3.0462373431E+00
+26.7500E-06,+360.9991780E-03,+3.0750451783E+00
+27.0000E-06,+396.3382739E-03,+3.0887190252E+00
+27.2500E-06,+441.9913937E-03,+3.1016860227E+00
+27.5000E-06,+472.0490806E-03,+3.1146697026E+00
+27.7500E-06,+504.1988639E-03,+3.1299009213E+00
+28.0000E-06,+561.0850854E-03,+3.1405016070E+00
+28.2500E-06,+594.7210153E-03,+3.1625843119E+00
+28.5000E-06,+627.8472820E-03,+3.1825056310E+00
+28.7500E-06,+674.5331301E-03,+3.1888674396E+00
+29.0000E-06,+725.2378916E-03,+3.1991910787E+00
+29.2500E-06,+751.8682615E-03,+3.2078660809E+00
+29.5000E-06,+800.9080671E-03,+3.2218906690E+00
+29.7500E-06,+824.7377713E-03,+3.2388191668E+00
+30.0000E-06,+876.1024856E-03,+3.2588574122E+00
+30.2500E-06,+913.0270237E-03,+3.2607749293E+00
+30.5000E-06,+945.1651567E-03,+3.2718978133E+00
+30.7500E-06,+997.1047065E-03,+3.2874329355E+00
+31.0000E-06,+1.0309383473E+00,+3.3065306040E+00
+31.2500E-06,+1.0600059286E+00,+3.2989128291E+00
+31.5000E-06,+1.1073258119E+00,+3.3099520024E+00
+31.7500E-06,+1.1420273344E+00,+3.3328457338E+00
+32.0000E-06,+1.1862889404E+00,+3.3264867609E+00
+32.2500E-06,+1.2276702403E+00,+3.3408191872E+00
+32.5000E-06,+1.2533729877E+00,+3.3527715363E+00
+32.7500E-06,+1.3073569172E+00,+3.3503353350E+00
+33.0000E-06,+1.3398458503E+00,+3.3599096889E+00
+33.2500E-06,+1.3812307562E+00,+3.3572010856E+00
+33.5000E-06,+1.4126813002E+00,+3.3788375994E+00
+33.7500E-06,+1.4408688294E+00,+3.3737990235E+00
+34.0000E-06,+1.4739262724E+00,+3.3685341161E+00
+34.2500E-06,+1.5101651300E+00,+3.3776135356E+00
+34.5000E-06,+1.5615237614E+00,+3.3889531345E+00
+34.7500E-06,+1.5852158905E+00,+3.3939726958E+00
+35.0000E-06,+1.6298856419E+00,+3.3934469532E+00
+35.2500E-06,+1.6602150403E+00,+3.3980174439E+00
+35.5000E-06,+1.6998050404E+00,+3.3949354757E+00
+35.7500E-06,+1.7358438942E+00,+3.3962999412E+00
+36.0000E-06,+1.7626263614E+00,+3.3884933499E+00
+36.2500E-06,+1.7987602369E+00,+3.4054010767E+00
+36.5000E-06,+1.8385755916E+00,+3.4061762433E+00
+36.7500E-06,+1.8702028615E+00,+3.3965739547E+00
+37.0000E-06,+1.9086057868E+00,+3.3947986905E+00
+37.2500E-06,+1.9384982640E+00,+3.4032141366E+00
+37.5000E-06,+1.9813127929E+00,+3.3771552464E+00
+37.7500E-06,+2.0018883256E+00,+3.3964947862E+00
+38.0000E-06,+2.0396941987E+00,+3.3857448917E+00
+38.2500E-06,+2.0765858453E+00,+3.3784850837E+00
+38.5000E-06,+2.1038466308E+00,+3.3751484844E+00
+38.7500E-06,+2.1464506739E+00,+3.3713112040E+00
+39.0000E-06,+2.1625863970E+00,+3.3654651082E+00
+39.2500E-06,+2.1925454969E+00,+3.3640935649E+00
+39.5000E-06,+2.2327685357E+00,+3.3435225065E+00
+39.7500E-06,+2.2726602051E+00,+3.3355483401E+00
+40.0000E-06,+2.2893321331E+00,+3.3417772123E+00
+40.2500E-06,+2.3245470182E+00,+3.3256151932E+00
+40.5000E-06,+2.3394368846E+00,+3.3234720802E+00
+40.7500E-06,+2.3783139328E+00,+3.3139361927E+00
+41.0000E-06,+2.4102670575E+00,+3.2996944087E+00
+41.2500E-06,+2.4465847655E+00,+3.2930944962E+00
+41.5000E-06,+2.4678115917E+00,+3.2870582304E+00
+41.7500E-06,+2.5037139015E+00,+3.2547402870E+00
+42.0000E-06,+2.5291018459E+00,+3.2527912005E+00
+42.2500E-06,+2.5614293093E+00,+3.2508304442E+00
+42.5000E-06,+2.5871620763E+00,+3.2297647031E+00
+42.7500E-06,+2.6021927846E+00,+3.2217796206E+00
+43.0000E-06,+2.6310109435E+00,+3.2063005518E+00
+43.2500E-06,+2.6521877133E+00,+3.2059903377E+00
+43.5000E-06,+2.6791771070E+00,+3.1798026961E+00
+43.7500E-06,+2.7140008834E+00,+3.1656474676E+00
+44.0000E-06,+2.7305265589E+00,+3.1491443871E+00
+44.2500E-06,+2.7624020860E+00,+3.1372514576E+00
+44.5000E-06,+2.7668978343E+00,+3.1260651152E+00
+44.7500E-06,+2.7875435084E+00,+3.1050883598E+00
+45.0000E-06,+2.8208251783E+00,+3.0929715802E+00
+45.2500E-06,+2.8438327848E+00,+3.0716909846E+00
+45.5000E-06,+2.8526648606E+00,+3.0547635843E+00
+45.7500E-06,+2.8841814378E+00,+3.0330777272E+00
+46.0000E-06,+2.9057577646E+00,+3.0198448735E+00
+46.2500E-06,+2.9231251238E+00,+3.0047590119E+00
+46.5000E-06,+2.9578598393E+00,+2.9816586148E+00
+46.7500E-06,+2.9775165520E+00,+2.9677914591E+00
+47.0000E-06,+2.9889298907E+00,+2.9585047770E+00
+47.2500E-06,+3.0131985906E+00,+2.9236566975E+00
+47.5000E-06,+3.0336058140E+00,+2.9049496402E+00
+47.7500E-06,+3.0538630326E+00,+2.8804979536E+00
+48.0000E-06,+3.0717683696E+00,+2.8634029390E+00
+48.2500E-06,+3.0925630534E+00,+2.8248482782E+00
+48.5000E-06,+3.1017560600E+00,+2.8087592918E+00
+48.7500E-06,+3.1127457574E+00,+2.7896502172E+00
+49.0000E-06,+3.1399386659E+00,+2.7552349434E+00
+49.2500E-06,+3.1522730302E+00,+2.7402277739E+00
+49.5000E-06,+3.1711938266E+00,+2.7284862934E+00
+49.7500E-06,+3.1751044308E+00,+2.6894409117E+00
+50.0000E-06,+3.1967353305E+00,+2.6628568760E+00
+50.2500E-06,+3.2086563605E+00,+2.6554345853E+00
+50.5000E-06,+3.2253843042E+00,+2.6129923450E+00
+50.7500E-06,+3.2329345670E+00,+2.5994262285E+00
+51.0000E-06,+3.2556495403E+00,+2.5596763296E+00
+51.2500E-06,+3.2604562127E+00,+2.5410360442E+00
+51.5000E-06,+3.2799511181E+00,+2.5080850803E+00
+51.7500E-06,+3.2797769113E+00,+2.4784905895E+00
+52.0000E-06,+3.3014932598E+00,+2.4427098839E+00
+52.2500E-06,+3.2967815699E+00,+2.4227742930E+00
+52.5000E-06,+3.3202995737E+00,+2.3973977999E+00
+52.7500E-06,+3.3204854051E+00,+2.3753080894E+00
+53.0000E-06,+3.3426734283E+00,+2.3354867030E+00
+53.2500E-06,+3.3436708364E+00,+2.3077619840E+00
+53.5000E-06,+3.3551590004E+00,+2.2748224397E+00
+53.7500E-06,+3.3541605732E+00,+2.2488121316E+00
+54.0000E-06,+3.3683466988E+00,+2.2161464500E+00
+54.2500E-06,+3.3740342721E+00,+2.1754655426E+00
+54.5000E-06,+3.3741247547E+00,+2.1556958549E+00
+54.7500E-06,+3.3904030760E+00,+2.1161854936E+00
+55.0000E-06,+3.3907279162E+00,+2.0961299402E+00
+55.2500E-06,+3.3928719729E+00,+2.0585522453E+00
+55.5000E-06,+3.3999736159E+00,+2.0289667198E+00
+55.7500E-06,+3.3952407812E+00,+1.9814905906E+00
+56.0000E-06,+3.4064631508E+00,+1.9636637045E+00
+56.2500E-06,+3.3947367095E+00,+1.9271806767E+00
+56.5000E-06,+3.4149585764E+00,+1.8945122062E+00
+56.7500E-06,+3.4151812491E+00,+1.8589436732E+00
+57.0000E-06,+3.4201762284E+00,+1.8189593836E+00
+57.2500E-06,+3.4191762921E+00,+1.7988494501E+00
+57.5000E-06,+3.4170872456E+00,+1.7632959624E+00
+57.7500E-06,+3.4225806206E+00,+1.7257062555E+00
+58.0000E-06,+3.4243800250E+00,+1.6842575896E+00
+58.2500E-06,+3.4169276408E+00,+1.6505082671E+00
+58.5000E-06,+3.4120901286E+00,+1.6203968062E+00
+58.7500E-06,+3.4059843847E+00,+1.5666112358E+00
+59.0000E-06,+3.4143286311E+00,+1.5435113001E+00
+59.2500E-06,+3.4069252616E+00,+1.4942406916E+00
+59.5000E-06,+3.4036737660E+00,+1.4697330632E+00
+59.7500E-06,+3.3972069331E+00,+1.4316376655E+00
+60.0000E-06,+3.3977903511E+00,+1.3935538879E+00
+60.2500E-06,+3.3935708353E+00,+1.3497415635E+00
+60.5000E-06,+3.3927097917E+00,+1.3187458082E+00
+60.7500E-06,+3.3849222181E+00,+1.2833010202E+00
+61.0000E-06,+3.3901712209E+00,+1.2438386379E+00
+61.2500E-06,+3.3779587743E+00,+1.2129035339E+00
+61.5000E-06,+3.3653587905E+00,+1.1591999692E+00
+61.7500E-06,+3.3596222326E+00,+1.1260476416E+00
+62.0000E-06,+3.3498581819E+00,+1.0936742510E+00
+62.2500E-06,+3.3515879862E+00,+1.0569968892E+00
+62.5000E-06,+3.3318748388E+00,+1.0126745820E+00
+62.7500E-06,+3.3318958886E+00,+966.9554380E-03
+63.0000E-06,+3.3305594935E+00,+931.5122073E-03
+63.2500E-06,+3.3030691850E+00,+884.6774701E-03
+63.5000E-06,+3.2978771219E+00,+841.1268215E-03
+63.7500E-06,+3.2856469497E+00,+821.1890491E-03
+64.0000E-06,+3.2634227848E+00,+759.4295745E-03
+64.2500E-06,+3.2623986103E+00,+745.5657430E-03
+64.5000E-06,+3.2545221505E+00,+687.1387928E-03
+64.7500E-06,+3.2411939163E+00,+658.4818081E-03
+65.0000E-06,+3.2357297392E+00,+605.9146949E-03
+65.2500E-06,+3.2156840918E+00,+569.9672780E-03
+65.5000E-06,+3.1987606880E+00,+534.0002027E-03
+65.7500E-06,+3.1914218548E+00,+490.1936627E-03
+66.0000E-06,+3.1689301451E+00,+450.5244610E-03
+66.2500E-06,+3.1624423032E+00,+407.0428652E-03
+66.5000E-06,+3.1374569127E+00,+371.6802065E-03
+66.7500E-06,+3.1166297550E+00,+330.2619372E-03
+67.0000E-06,+3.1076622960E+00,+281.2901021E-03
+67.2500E-06,+3.0997570784E+00,+239.5301638E-03
+67.5000E-06,+3.0716923082E+00,+207.6246458E-03
+67.7500E-06,+3.0575534576E+00,+153.0095243E-03
+68.0000E-06,+3.0368426247E+00,+130.8874409E-03
+68.2500E-06,+3.0261299468E+00,+79.9019499E-03
+68.5000E-06,+2.9998915991E+00,+52.5320320E-03
+68.7500E-06,+2.9799860263E+00,+21.6869402E-03
+69.0000E-06,+2.9555188753E+00,-36.7662999E-03
+69.2500E-06,+2.9320024817E+00,-79.6417213E-03
+69.5000E-06,+2.9162216410E+00,-121.0127293E-03
+69.7500E-06,+2.8858820893E+00,-150.5136681E-03
+70.0000E-06,+2.8582301212E+00,-195.1984029E-03
+70.2500E-06,+2.8517486983E+00,-233.1232361E-03
+70.5000E-06,+2.8174542132E+00,-283.9074570E-03
+70.7500E-06,+2.8019542589E+00,-314.4838659E-03
+71.0000E-06,+2.7704198490E+00,-359.4241604E-03
+71.2500E-06,+2.7498362932E+00,-401.7070809E-03
+71.5000E-06,+2.7186886864E+00,-454.2028724E-03
+71.7500E-06,+2.6948299937E+00,-491.1379014E-03
+72.0000E-06,+2.6614144345E+00,-532.8784120E-03
+72.2500E-06,+2.6477476807E+00,-560.7444703E-03
+72.5000E-06,+2.6155502501E+00,-611.5163249E-03
+72.7500E-06,+2.5828477951E+00,-649.3132583E-03
+73.0000E-06,+2.5713706919E+00,-693.3095328E-03
+73.2500E-06,+2.5296939337E+00,-734.1795927E-03
+73.5000E-06,+2.5018283201E+00,-763.5016107E-03
+73.7500E-06,+2.4799344421E+00,-810.7726044E-03
+74.0000E-06,+2.4534974609E+00,-851.3006185E-03
+74.2500E-06,+2.4212644102E+00,-887.0392502E-03
+74.5000E-06,+2.3986142551E+00,-930.7476704E-03
+74.7500E-06,+2.3524912169E+00,-977.5554393E-03
+75.0000E-06,+2.3345774965E+00,-1.0150645562E+00
+75.2500E-06,+2.2977727174E+00,-1.0504967035E+00
+75.5000E-06,+2.2657184338E+00,-1.0849960377E+00
+75.7500E-06,+2.2363554469E+00,-1.1212589315E+00
+76.0000E-06,+2.2008717961E+00,-1.1699327169E+00
+76.2500E-06,+2.1798767572E+00,-1.2181871484E+00
+76.5000E-06,+2.1512679715E+00,-1.2413390610E+00
+76.7500E-06,+2.1208412146E+00,-1.2812391923E+00
+77.0000E-06,+2.0784459764E+00,-1.3223724084E+00
+77.2500E-06,+2.0509740161E+00,-1.3611256770E+00
+77.5000E-06,+2.0162277966E+00,-1.4050746404E+00
+77.7500E-06,+1.9764511133E+00,-1.4423167885E+00
+78.0000E-06,+1.9561449689E+00,-1.4735832301E+00
+78.2500E-06,+1.9075394419E+00,-1.5144885047E+00
+78.5000E-06,+1.8779538336E+00,-1.5427853668E+00
+78.7500E-06,+1.8389187032E+00,-1.5887373941E+00
+79.0000E-06,+1.8121948326E+00,-1.6281217431E+00
+79.2500E-06,+1.7743003086E+00,-1.6559509587E+00
+79.5000E-06,+1.7351494489E+00,-1.7068881693E+00
+79.7500E-06,+1.7088906378E+00,-1.7242272561E+00
+80.0000E-06,+1.6740387276E+00,-1.7671519424E+00
+80.2500E-06,+1.6309932753E+00,-1.8133884003E+00
+80.5000E-06,+1.6028777341E+00,-1.8415797557E+00
+80.7500E-06,+1.5720329017E+00,-1.8726444523E+00
+81.0000E-06,+1.5346840740E+00,-1.9207049719E+00
+81.2500E-06,+1.4910262393E+00,-1.9489761802E+00
+81.5000E-06,+1.4539654407E+00,-1.9874865117E+00
+81.7500E-06,+1.4192511523E+00,-2.0230695939E+00
+82.0000E-06,+1.3960763401E+00,-2.0510324378E+00
+82.2500E-06,+1.3491393238E+00,-2.0895953102E+00
+82.5000E-06,+1.3088013502E+00,-2.1305196280E+00
+82.7500E-06,+1.2822403964E+00,-2.1711894444E+00
+83.0000E-06,+1.2402235372E+00,-2.1968659681E+00
+83.2500E-06,+1.2132371586E+00,-2.2402613838E+00
+83.5000E-06,+1.1684328728E+00,-2.2602218974E+00
+83.7500E-06,+1.1267673186E+00,-2.3049215735E+00
+84.0000E-06,+1.0841296740E+00,-2.3335391315E+00
+84.2500E-06,+1.0506380776E+00,-2.3640802745E+00
+84.5000E-06,+1.0197461842E+00,-2.4002109872E+00
+84.7500E-06,+975.4590314E-03,-2.4211569271E+00
+85.0000E-06,+934.3508797E-03,-2.4572537849E+00
+85.2500E-06,+886.9079224E-03,-2.4899334354E+00
+85.5000E-06,+852.6874861E-03,-2.5210403898E+00
+85.7500E-06,+812.9399933E-03,-2.5376832329E+00
+86.0000E-06,+767.6767987E-03,-2.5838778837E+00
+86.2500E-06,+743.7384144E-03,-2.6141556006E+00
+86.5000E-06,+696.2529430E-03,-2.6276636166E+00
+86.7500E-06,+660.3948991E-03,-2.6699677165E+00
+87.0000E-06,+622.3837427E-03,-2.6823917855E+00
+87.2500E-06,+585.5554158E-03,-2.7150867751E+00
+87.5000E-06,+533.6544122E-03,-2.7338433718E+00
+87.7500E-06,+484.4003701E-03,-2.7645929638E+00
+88.0000E-06,+449.1451251E-03,-2.7991388238E+00
+88.2500E-06,+421.5345134E-03,-2.8176970236E+00
+88.5000E-06,+380.1639472E-03,-2.8473691105E+00
+88.7500E-06,+337.9682891E-03,-2.8667425036E+00
+89.0000E-06,+301.4262456E-03,-2.8844922835E+00
+89.2500E-06,+266.3815603E-03,-2.9069962208E+00
+89.5000E-06,+210.6152480E-03,-2.9462870104E+00
+89.7500E-06,+185.4924468E-03,-2.9718707254E+00
+90.0000E-06,+139.7137791E-03,-2.9908458882E+00
+90.2500E-06,+102.0630604E-03,-3.0203829538E+00
+90.5000E-06,+66.1945859E-03,-3.0407457454E+00
+90.7500E-06,+18.2894575E-03,-3.0609289710E+00
+91.0000E-06,-16.8753261E-03,-3.0936005531E+00
+91.2500E-06,-61.8160503E-03,-3.1071609319E+00
+91.5000E-06,-88.9417029E-03,-3.1275396567E+00
+91.7500E-06,-133.9991228E-03,-3.1492866084E+00
+92.0000E-06,-179.7899187E-03,-3.1676857070E+00
+92.2500E-06,-207.2687126E-03,-3.1925627113E+00
+92.5000E-06,-260.4452911E-03,-3.2147454551E+00
+92.7500E-06,-292.8119882E-03,-3.2335322840E+00
+93.0000E-06,-330.8066386E-03,-3.2380909405E+00
+93.2500E-06,-385.6291795E-03,-3.2631464165E+00
+93.5000E-06,-409.6053532E-03,-3.2813367238E+00
+93.7500E-06,-455.2161157E-03,-3.3125809292E+00
+94.0000E-06,-494.0545015E-03,-3.3231731998E+00
+94.2500E-06,-540.0365500E-03,-3.3418159681E+00
+94.5000E-06,-577.4963191E-03,-3.3487639701E+00
+94.7500E-06,-617.9822744E-03,-3.3564432587E+00
+95.0000E-06,-652.3513722E-03,-3.3776966342E+00
+95.2500E-06,-687.3379147E-03,-3.3904856907E+00
+95.5000E-06,-729.9499734E-03,-3.4161852874E+00
+95.7500E-06,-775.2672163E-03,-3.4264939339E+00
+96.0000E-06,-814.7496534E-03,-3.4345725487E+00
+96.2500E-06,-848.2215674E-03,-3.4419086503E+00
+96.5000E-06,-897.4262391E-03,-3.4635007007E+00
+96.7500E-06,-938.9900765E-03,-3.4871200277E+00
+97.0000E-06,-967.7397327E-03,-3.4816062104E+00
+97.2500E-06,-1.0083858702E+00,-3.4922750957E+00
+97.5000E-06,-1.0453795215E+00,-3.5083776846E+00
+97.7500E-06,-1.1054256179E+00,-3.5200924198E+00
+98.0000E-06,-1.1288896125E+00,-3.5265086808E+00
+98.2500E-06,-1.1690461793E+00,-3.5339294564E+00
+98.5000E-06,-1.2146189804E+00,-3.5337356425E+00
+98.7500E-06,-1.2397591651E+00,-3.5436589362E+00
+99.0000E-06,-1.2694656299E+00,-3.5526106414E+00
+99.2500E-06,-1.3117757720E+00,-3.5639783634E+00
+99.5000E-06,-1.3584235200E+00,-3.5661391327E+00
+99.7500E-06,-1.3970533723E+00,-3.5729016620E+00
+100.0000E-06,-1.4261646422E+00,-3.5811497485E+00
+100.2500E-06,-1.4725380828E+00,-3.5860791664E+00
+100.5000E-06,-1.5007130361E+00,-3.5918294776E+00
+100.7500E-06,-1.5443012993E+00,-3.5941320023E+00
+101.0000E-06,-1.5687758674E+00,-3.6053354478E+00
+101.2500E-06,-1.6258908687E+00,-3.6014186400E+00
+101.5000E-06,-1.6585643503E+00,-3.6055535134E+00
+101.7500E-06,-1.6922951797E+00,-3.6073249936E+00
+102.0000E-06,-1.7209348202E+00,-3.6128543703E+00
+102.2500E-06,-1.7633469052E+00,-3.6071310275E+00
+102.5000E-06,-1.7989222598E+00,-3.6106694005E+00
+102.7500E-06,-1.8353517352E+00,-3.6195019376E+00
+103.0000E-06,-1.8617947647E+00,-3.6146301289E+00
+103.2500E-06,-1.8969852443E+00,-3.6093412094E+00
+103.5000E-06,-1.9331561661E+00,-3.6128822869E+00
+103.7500E-06,-1.9530869661E+00,-3.6082917082E+00
+104.0000E-06,-1.9901625612E+00,-3.5978241067E+00
+104.2500E-06,-2.0367371151E+00,-3.6061839335E+00
+104.5000E-06,-2.0644969899E+00,-3.5987033840E+00
+104.7500E-06,-2.0950542500E+00,-3.6016595660E+00
+105.0000E-06,-2.1314655189E+00,-3.5798613776E+00
+105.2500E-06,-2.1751448421E+00,-3.5792009484E+00
+105.5000E-06,-2.1976216406E+00,-3.5849880390E+00
+105.7500E-06,-2.2322919857E+00,-3.5749587276E+00
+106.0000E-06,-2.2466717276E+00,-3.5628726160E+00
+106.2500E-06,-2.2982696056E+00,-3.5666148098E+00
+106.5000E-06,-2.3248088237E+00,-3.5548630223E+00
+106.7500E-06,-2.3517440514E+00,-3.5378692451E+00
+107.0000E-06,-2.3794521678E+00,-3.5265530009E+00
+107.2500E-06,-2.4200420333E+00,-3.5320113332E+00
+107.5000E-06,-2.4354229538E+00,-3.5201700400E+00
+107.7500E-06,-2.4783790964E+00,-3.5077935535E+00
+108.0000E-06,-2.5131716035E+00,-3.5081851160E+00
+108.2500E-06,-2.5469030043E+00,-3.4893032367E+00
+108.5000E-06,-2.5610494605E+00,-3.4861905147E+00
+108.7500E-06,-2.5829183826E+00,-3.4705607959E+00
+109.0000E-06,-2.6165256707E+00,-3.4478522884E+00
+109.2500E-06,-2.6429024348E+00,-3.4503312858E+00
+109.5000E-06,-2.6839798975E+00,-3.4326975412E+00
+109.7500E-06,-2.7006261054E+00,-3.4236671108E+00
+110.0000E-06,-2.7239804325E+00,-3.4004329920E+00
+110.2500E-06,-2.7501570057E+00,-3.3912058049E+00
+110.5000E-06,-2.7799029967E+00,-3.3824159070E+00
+110.7500E-06,-2.8124048765E+00,-3.3761921228E+00
+111.0000E-06,-2.8429847980E+00,-3.3538293742E+00
+111.2500E-06,-2.8608249881E+00,-3.3252807544E+00
+111.5000E-06,-2.8829153031E+00,-3.3169697583E+00
+111.7500E-06,-2.8986137386E+00,-3.3057052198E+00
+112.0000E-06,-2.9317630376E+00,-3.2716384049E+00
+112.2500E-06,-2.9580225919E+00,-3.2656323184E+00
+112.5000E-06,-2.9738636648E+00,-3.2482144536E+00
+112.7500E-06,-2.9905449667E+00,-3.2219346877E+00
+113.0000E-06,-3.0311380176E+00,-3.2123423895E+00
+113.2500E-06,-3.0536757328E+00,-3.1961700211E+00
+113.5000E-06,-3.0756057601E+00,-3.1758666521E+00
+113.7500E-06,-3.0992519666E+00,-3.1572299939E+00
+114.0000E-06,-3.1292254650E+00,-3.1158350613E+00
+114.2500E-06,-3.1506316070E+00,-3.0945530169E+00
+114.5000E-06,-3.1746638115E+00,-3.0818308680E+00
+114.7500E-06,-3.1870119729E+00,-3.0641520947E+00
+115.0000E-06,-3.2143917938E+00,-3.0451696067E+00
+115.2500E-06,-3.2466282802E+00,-3.0083298648E+00
+115.5000E-06,-3.2559568041E+00,-2.9945246991E+00
+115.7500E-06,-3.2992511935E+00,-2.9644618217E+00
+116.0000E-06,-3.3053106046E+00,-2.9449810118E+00
+116.2500E-06,-3.3300147725E+00,-2.9169423447E+00
+116.5000E-06,-3.3421669868E+00,-2.8947003877E+00
+116.7500E-06,-3.3542887247E+00,-2.8732862647E+00
+117.0000E-06,-3.3708093032E+00,-2.8480867478E+00
+117.2500E-06,-3.3858274371E+00,-2.8225981103E+00
+117.5000E-06,-3.4051761005E+00,-2.7958211004E+00
+117.7500E-06,-3.4162635739E+00,-2.7630606443E+00
+118.0000E-06,-3.4186028404E+00,-2.7397857420E+00
+118.2500E-06,-3.4211931425E+00,-2.7206343930E+00
+118.5000E-06,-3.4284027284E+00,-2.6939612239E+00
+118.7500E-06,-3.4382626104E+00,-2.6602906448E+00
+119.0000E-06,-3.4456460020E+00,-2.6392132686E+00
+119.2500E-06,-3.4519719372E+00,-2.6016017309E+00
+119.5000E-06,-3.4483877305E+00,-2.5704723533E+00
+119.7500E-06,-3.4644503681E+00,-2.5412851260E+00
+120.0000E-06,-3.4663636761E+00,-2.5143175495E+00
+120.2500E-06,-3.4727958356E+00,-2.4878746150E+00
+120.5000E-06,-3.4838263617E+00,-2.4521045858E+00
+120.7500E-06,-3.4758523460E+00,-2.4169954109E+00
+121.0000E-06,-3.4876967688E+00,-2.3775881533E+00
+121.2500E-06,-3.4897355329E+00,-2.3532580181E+00
+121.5000E-06,-3.4992075052E+00,-2.3289238036E+00
+121.7500E-06,-3.4836446368E+00,-2.3005739183E+00
+122.0000E-06,-3.4922077494E+00,-2.2549307438E+00
+122.2500E-06,-3.5054236598E+00,-2.2371111240E+00
+122.5000E-06,-3.5092081372E+00,-2.1949891877E+00
+122.7500E-06,-3.5091618693E+00,-2.1562819714E+00
+123.0000E-06,-3.5034545683E+00,-2.1316960263E+00
+123.2500E-06,-3.5136312915E+00,-2.0969205409E+00
+123.5000E-06,-3.4973822631E+00,-2.0604682307E+00
+123.7500E-06,-3.5060300965E+00,-2.0266474342E+00
+124.0000E-06,-3.5147806657E+00,-1.9852415132E+00
+124.2500E-06,-3.4982246554E+00,-1.9450958564E+00
+124.5000E-06,-3.5012184974E+00,-1.9173696932E+00
+124.7500E-06,-3.5094289903E+00,-1.8926850043E+00
+125.0000E-06,-3.5145526758E+00,-1.8446291761E+00
+125.2500E-06,-3.5128795913E+00,-1.8104111383E+00
+125.5000E-06,-3.5067866072E+00,-1.7720456286E+00
+125.7500E-06,-3.5073776971E+00,-1.7458683905E+00
+126.0000E-06,-3.5165518217E+00,-1.7039315862E+00
+126.2500E-06,-3.5057753629E+00,-1.6611498931E+00
+126.5000E-06,-3.5059134882E+00,-1.6242615721E+00
+126.7500E-06,-3.4925172021E+00,-1.5857891431E+00
+127.0000E-06,-3.4898973537E+00,-1.5465150601E+00
+127.2500E-06,-3.4945422295E+00,-1.5184115974E+00
+127.5000E-06,-3.4919786274E+00,-1.4794290017E+00
+127.7500E-06,-3.4841404305E+00,-1.4482653140E+00
+128.0000E-06,-3.4831250118E+00,-1.3972820104E+00
+128.2500E-06,-3.4768435566E+00,-1.3629777488E+00
+128.5000E-06,-3.4795490966E+00,-1.3207989240E+00
+128.7500E-06,-3.4712335929E+00,-1.2735821007E+00
+129.0000E-06,-3.4660644159E+00,-1.2408355155E+00
+129.2500E-06,-3.4684928866E+00,-1.1955087812E+00
+129.5000E-06,-3.4688379052E+00,-1.1660335233E+00
+129.7500E-06,-3.4649134859E+00,-1.1246641480E+00
+130.0000E-06,-3.4515341521E+00,-1.0886522897E+00
+130.2500E-06,-3.4470768490E+00,-1.0514981910E+00
+130.5000E-06,-3.4308792911E+00,-1.0083903461E+00
+130.7500E-06,-3.4290583410E+00,-957.2634915E-03
+131.0000E-06,-3.4143765845E+00,-919.0107488E-03
+131.2500E-06,-3.4227238505E+00,-884.2475905E-03
+131.5000E-06,-3.4021024253E+00,-846.4181364E-03
+131.7500E-06,-3.3731267556E+00,-796.5306305E-03
+132.0000E-06,-3.3741037516E+00,-763.1278266E-03
+132.2500E-06,-3.3459093360E+00,-710.2662351E-03
+132.5000E-06,-3.3400030231E+00,-691.8348465E-03
+132.7500E-06,-3.3199004358E+00,-639.4605507E-03
+133.0000E-06,-3.3058157677E+00,-612.0392257E-03
+133.2500E-06,-3.2872574427E+00,-563.1670993E-03
+133.5000E-06,-3.2597717684E+00,-527.5180788E-03
+133.7500E-06,-3.2280029119E+00,-485.7487109E-03
+134.0000E-06,-3.2165481625E+00,-431.7737980E-03
+134.2500E-06,-3.1859020947E+00,-403.6974966E-03
+134.5000E-06,-3.1766985987E+00,-369.8587725E-03
+134.7500E-06,-3.1436385100E+00,-317.5594994E-03
+135.0000E-06,-3.1184191041E+00,-278.8651470E-03
+135.2500E-06,-3.1018740114E+00,-243.0506378E-03
+135.5000E-06,-3.0769074999E+00,-198.6506366E-03
+135.7500E-06,-3.0552894459E+00,-151.1918260E-03
+136.0000E-06,-3.0324805861E+00,-120.7600490E-03
+136.2500E-06,-2.9999618188E+00,-74.3817677E-03
+136.5000E-06,-2.9708621193E+00,-43.0945793E-03
+136.7500E-06,-2.9406573040E+00,+7.3599999E-03
+137.0000E-06,-2.9129673655E+00,+46.3734564E-03
+137.2500E-06,-2.8861974863E+00,+88.6768537E-03
+137.5000E-06,-2.8670713418E+00,+116.5584775E-03
+137.7500E-06,-2.8282837419E+00,+161.4000402E-03
+138.0000E-06,-2.8080669088E+00,+207.7106932E-03
+138.2500E-06,-2.7825987317E+00,+243.3029729E-03
+138.5000E-06,-2.7561104021E+00,+283.4021567E-03
+138.7500E-06,-2.7428634002E+00,+326.5291609E-03
+139.0000E-06,-2.6857037108E+00,+370.2649897E-03
+139.2500E-06,-2.6672771479E+00,+416.8341044E-03
+139.5000E-06,-2.6381065729E+00,+457.3449975E-03
+139.7500E-06,-2.6066705013E+00,+487.2193871E-03
+140.0000E-06,-2.5875038628E+00,+535.6795285E-03
+140.2500E-06,-2.5395043157E+00,+569.2506024E-03
+140.5000E-06,-2.5244393485E+00,+618.5091174E-03
+140.7500E-06,-2.4926775111E+00,+651.0075841E-03
+141.0000E-06,-2.4505047662E+00,+701.7959598E-03
+141.2500E-06,-2.4179573677E+00,+734.5073545E-03
+141.5000E-06,-2.3863803487E+00,+763.8116363E-03
+141.7500E-06,-2.3625515415E+00,+809.6653117E-03
+142.0000E-06,-2.3189547410E+00,+849.2568449E-03
+142.2500E-06,-2.3025987798E+00,+883.6624494E-03
+142.5000E-06,-2.2618069145E+00,+938.3306770E-03
+142.7500E-06,-2.2277640740E+00,+960.4874308E-03
+143.0000E-06,-2.1955218830E+00,+1.0176466196E+00
+143.2500E-06,-2.1645044870E+00,+1.0430173041E+00
+143.5000E-06,-2.1262903373E+00,+1.0853084482E+00
+143.7500E-06,-2.1051719832E+00,+1.1243111017E+00
+144.0000E-06,-2.0627094423E+00,+1.1657281665E+00
+144.2500E-06,-2.0347385677E+00,+1.2119800013E+00
+144.5000E-06,-1.9968665693E+00,+1.2457092645E+00
+144.7500E-06,-1.9695484189E+00,+1.2826235106E+00
+145.0000E-06,-1.9398664245E+00,+1.3288062744E+00
+145.2500E-06,-1.9050140847E+00,+1.3639128217E+00
+145.5000E-06,-1.8724343796E+00,+1.3932794900E+00
+145.7500E-06,-1.8206646360E+00,+1.4282081595E+00
+146.0000E-06,-1.8045904914E+00,+1.4711435388E+00
+146.2500E-06,-1.7705942534E+00,+1.5124095723E+00
+146.5000E-06,-1.7365040113E+00,+1.5468777441E+00
+146.7500E-06,-1.6984545559E+00,+1.5815727103E+00
+147.0000E-06,-1.6607084522E+00,+1.6120986121E+00
+147.2500E-06,-1.6238019081E+00,+1.6477700829E+00
+147.5000E-06,-1.5874473965E+00,+1.6932565833E+00
+147.7500E-06,-1.5442048816E+00,+1.7378854140E+00
+148.0000E-06,-1.5143586557E+00,+1.7620592941E+00
+148.2500E-06,-1.4782128269E+00,+1.7980822132E+00
+148.5000E-06,-1.4468507138E+00,+1.8367167163E+00
+148.7500E-06,-1.3979915402E+00,+1.8553834485E+00
+149.0000E-06,-1.3664748891E+00,+1.9025555521E+00
+149.2500E-06,-1.3249457537E+00,+1.9334138348E+00
+149.5000E-06,-1.2918656524E+00,+1.9572125169E+00
+149.7500E-06,-1.2582580055E+00,+1.9912852775E+00
+150.0000E-06,-1.2154655908E+00,+2.0230566336E+00
+150.2500E-06,-1.1778638943E+00,+2.0492626461E+00
+150.5000E-06,-1.1310348737E+00,+2.0944876833E+00
+150.7500E-06,-1.1074159296E+00,+2.1315282220E+00
+151.0000E-06,-1.0652697491E+00,+2.1594964419E+00
+151.2500E-06,-1.0342878918E+00,+2.1937010219E+00
+151.5000E-06,-973.1611695E-03,+2.2318925991E+00
+151.7500E-06,-952.0199565E-03,+2.2448895620E+00
+152.0000E-06,-918.8796968E-03,+2.2818025493E+00
+152.2500E-06,-876.1718988E-03,+2.3059408289E+00
+152.5000E-06,-843.5807786E-03,+2.3370039984E+00
+152.7500E-06,-800.0162546E-03,+2.3771191410E+00
+153.0000E-06,-763.1413508E-03,+2.4040004546E+00
+153.2500E-06,-730.9160277E-03,+2.4172921717E+00
+153.5000E-06,-688.5020462E-03,+2.4571221480E+00
+153.7500E-06,-650.3126112E-03,+2.4727557322E+00
+154.0000E-06,-603.5523509E-03,+2.5092813299E+00
+154.2500E-06,-564.6052775E-03,+2.5269984249E+00
+154.5000E-06,-522.2442091E-03,+2.5697296773E+00
+154.7500E-06,-476.6569689E-03,+2.5805668885E+00
+155.0000E-06,-444.3255059E-03,+2.6080114552E+00
+155.2500E-06,-401.4923017E-03,+2.6445343755E+00
+155.5000E-06,-363.7677754E-03,+2.6640560533E+00
+155.7500E-06,-328.6263979E-03,+2.6929473354E+00
+156.0000E-06,-294.1851206E-03,+2.7183946633E+00
+156.2500E-06,-253.1176151E-03,+2.7286942224E+00
+156.5000E-06,-220.0062791E-03,+2.7686851618E+00
+156.7500E-06,-169.5776627E-03,+2.7889945066E+00
+157.0000E-06,-129.8763097E-03,+2.8108450836E+00
+157.2500E-06,-104.2560639E-03,+2.8348793052E+00
+157.5000E-06,-47.3059905E-03,+2.8595780942E+00
+157.7500E-06,-18.1706919E-03,+2.8780002612E+00
+158.0000E-06,+17.6581615E-03,+2.9039566054E+00
+158.2500E-06,+68.5923721E-03,+2.9293767674E+00
+158.5000E-06,+119.8080419E-03,+2.9430938641E+00
+158.7500E-06,+151.7183283E-03,+2.9637657829E+00
+159.0000E-06,+188.7551359E-03,+2.9781718555E+00
+159.2500E-06,+219.2139567E-03,+3.0011741584E+00
+159.5000E-06,+281.6888886E-03,+3.0084143865E+00
+159.7500E-06,+303.7839328E-03,+3.0409450664E+00
+160.0000E-06,+340.2133525E-03,+3.0596074478E+00
+160.2500E-06,+380.3076474E-03,+3.0852699815E+00
+160.5000E-06,+423.2976584E-03,+3.1074403620E+00
+160.7500E-06,+462.0948281E-03,+3.1092367814E+00
+161.0000E-06,+500.7977811E-03,+3.1264227037E+00
+161.2500E-06,+543.0120829E-03,+3.1358479016E+00
+161.5000E-06,+584.5795248E-03,+3.1562030108E+00
+161.7500E-06,+617.4814695E-03,+3.1742494762E+00
+162.0000E-06,+666.1903656E-03,+3.1855683872E+00
+162.2500E-06,+717.9082392E-03,+3.2002986111E+00
+162.5000E-06,+728.3266377E-03,+3.2075159698E+00
+162.7500E-06,+771.5462079E-03,+3.2324124757E+00
+163.0000E-06,+818.2514489E-03,+3.2419250642E+00
+163.2500E-06,+854.1401170E-03,+3.2452983509E+00
+163.5000E-06,+892.2082584E-03,+3.2562601980E+00
+163.7500E-06,+939.5753533E-03,+3.2686528077E+00
+164.0000E-06,+972.8810746E-03,+3.2739167427E+00
+164.2500E-06,+1.0096481772E+00,+3.2885527649E+00
+164.5000E-06,+1.0554278656E+00,+3.3046357000E+00
+164.7500E-06,+1.0976010386E+00,+3.3176616318E+00
+165.0000E-06,+1.1275972526E+00,+3.3294651385E+00
+165.2500E-06,+1.1699119792E+00,+3.3388033905E+00
+165.5000E-06,+1.1938598866E+00,+3.3477196685E+00
+165.7500E-06,+1.2522949895E+00,+3.3437719110E+00
+166.0000E-06,+1.2802286022E+00,+3.3524501137E+00
+166.2500E-06,+1.3248365852E+00,+3.3558970393E+00
+166.5000E-06,+1.3530637974E+00,+3.3650127904E+00
+166.7500E-06,+1.4028553891E+00,+3.3674777496E+00
+167.0000E-06,+1.4330794994E+00,+3.3768928998E+00
+167.2500E-06,+1.4618827080E+00,+3.3749789239E+00
+167.5000E-06,+1.4989251508E+00,+3.3826468019E+00
+167.7500E-06,+1.5402803100E+00,+3.3922722252E+00
+168.0000E-06,+1.5856085263E+00,+3.3816478892E+00
+168.2500E-06,+1.6221554437E+00,+3.3892545445E+00
+168.5000E-06,+1.6496607929E+00,+3.3893834422E+00
+168.7500E-06,+1.6917687498E+00,+3.4099067372E+00
+169.0000E-06,+1.7141775386E+00,+3.3905489758E+00
+169.2500E-06,+1.7602480842E+00,+3.4043075750E+00
+169.5000E-06,+1.7750867259E+00,+3.3985353352E+00
+169.7500E-06,+1.8327202095E+00,+3.4030637715E+00
+170.0000E-06,+1.8602404291E+00,+3.3914368973E+00
+170.2500E-06,+1.8900617669E+00,+3.4037660380E+00
+170.5000E-06,+1.9227692586E+00,+3.4062652198E+00
+170.7500E-06,+1.9576188713E+00,+3.3965283350E+00
+171.0000E-06,+2.0043100530E+00,+3.4005499801E+00
+171.2500E-06,+2.0183247773E+00,+3.3846435327E+00
+171.5000E-06,+2.0676827990E+00,+3.3778264319E+00
+171.7500E-06,+2.0943015126E+00,+3.3767579131E+00
+172.0000E-06,+2.1251426049E+00,+3.3650992569E+00
+172.2500E-06,+2.1610629479E+00,+3.3605568894E+00
+172.5000E-06,+2.1861581204E+00,+3.3638181569E+00
+172.7500E-06,+2.2206564627E+00,+3.3653087733E+00
+173.0000E-06,+2.2435409257E+00,+3.3466075094E+00
+173.2500E-06,+2.2735191291E+00,+3.3349284004E+00
+173.5000E-06,+2.3138357485E+00,+3.3328944138E+00
+173.7500E-06,+2.3360497692E+00,+3.3208228288E+00
+174.0000E-06,+2.3662398559E+00,+3.3092792159E+00
+174.2500E-06,+2.4044284422E+00,+3.3080960201E+00
+174.5000E-06,+2.4206576795E+00,+3.2877896948E+00
+174.7500E-06,+2.4720530934E+00,+3.2829946696E+00
+175.0000E-06,+2.4875941945E+00,+3.2829621234E+00
+175.2500E-06,+2.5164759730E+00,+3.2622520533E+00
+175.5000E-06,+2.5322671072E+00,+3.2593240682E+00
+175.7500E-06,+2.5668772169E+00,+3.2322079688E+00
+176.0000E-06,+2.5841417906E+00,+3.2155161624E+00
+176.2500E-06,+2.6213229648E+00,+3.2099722953E+00
+176.5000E-06,+2.6503008822E+00,+3.1917106889E+00
+176.7500E-06,+2.6662143804E+00,+3.1910042526E+00
+177.0000E-06,+2.6872228394E+00,+3.1644265923E+00
+177.2500E-06,+2.7070828920E+00,+3.1553325301E+00
+177.5000E-06,+2.7373907869E+00,+3.1343867078E+00
+177.7500E-06,+2.7744987655E+00,+3.1341900553E+00
+178.0000E-06,+2.7962134317E+00,+3.1098527518E+00
+178.2500E-06,+2.8150329485E+00,+3.1024128349E+00
+178.5000E-06,+2.8403929672E+00,+3.0809047620E+00
+178.7500E-06,+2.8558637566E+00,+3.0514072347E+00
+179.0000E-06,+2.8800207659E+00,+3.0414530410E+00
+179.2500E-06,+2.9059242076E+00,+3.0205611571E+00
+179.5000E-06,+2.9299415266E+00,+3.0036254940E+00
+179.7500E-06,+2.9484175686E+00,+2.9928962815E+00
+180.0000E-06,+2.9658966983E+00,+2.9631006426E+00
+180.2500E-06,+2.9871428391E+00,+2.9422400296E+00
+180.5000E-06,+2.9986570142E+00,+2.9259228303E+00
+180.7500E-06,+3.0300948044E+00,+2.9077272391E+00
+181.0000E-06,+3.0464077585E+00,+2.8877228500E+00
+181.2500E-06,+3.0693151511E+00,+2.8649220374E+00
+181.5000E-06,+3.0876221903E+00,+2.8377858274E+00
+181.7500E-06,+3.1082128602E+00,+2.8174276413E+00
+182.0000E-06,+3.1189582019E+00,+2.7962619112E+00
+182.2500E-06,+3.1286256705E+00,+2.7794078467E+00
+182.5000E-06,+3.1446954855E+00,+2.7558928942E+00
+182.7500E-06,+3.1498517384E+00,+2.7266357985E+00
+183.0000E-06,+3.1756926338E+00,+2.7011760786E+00
+183.2500E-06,+3.1870795031E+00,+2.6802998972E+00
+183.5000E-06,+3.2065822040E+00,+2.6486851942E+00
+183.7500E-06,+3.2163867035E+00,+2.6378118232E+00
+184.0000E-06,+3.2339813033E+00,+2.6005750946E+00
+184.2500E-06,+3.2479881055E+00,+2.5774798097E+00
+184.5000E-06,+3.2583051460E+00,+2.5405147459E+00
+184.7500E-06,+3.2679112155E+00,+2.5187739887E+00
+185.0000E-06,+3.2805386381E+00,+2.4783168621E+00
+185.2500E-06,+3.2845632184E+00,+2.4594012426E+00
+185.5000E-06,+3.2988594170E+00,+2.4301273092E+00
+185.7500E-06,+3.3105149194E+00,+2.4093739998E+00
+186.0000E-06,+3.3234187706E+00,+2.3702146029E+00
+186.2500E-06,+3.3398621660E+00,+2.3507784765E+00
+186.5000E-06,+3.3454753679E+00,+2.3102955333E+00
+186.7500E-06,+3.3467542157E+00,+2.2879877858E+00
+187.0000E-06,+3.3364604576E+00,+2.2475152612E+00
+187.2500E-06,+3.3666009854E+00,+2.2171710647E+00
+187.5000E-06,+3.3688421247E+00,+2.1998488608E+00
+187.7500E-06,+3.3658387822E+00,+2.1538555555E+00
+188.0000E-06,+3.3900673800E+00,+2.1344115930E+00
+188.2500E-06,+3.3960841052E+00,+2.0973194013E+00
+188.5000E-06,+3.4031661546E+00,+2.0595462373E+00
+188.7500E-06,+3.4065127308E+00,+2.0398919533E+00
+189.0000E-06,+3.3968640476E+00,+1.9989759857E+00
+189.2500E-06,+3.4057555070E+00,+1.9653674901E+00
+189.5000E-06,+3.4051865538E+00,+1.9301332768E+00
+189.7500E-06,+3.4171472849E+00,+1.9078631711E+00
+190.0000E-06,+3.4184987071E+00,+1.8724761505E+00
+190.2500E-06,+3.4231933995E+00,+1.8444477753E+00
+190.5000E-06,+3.4066470420E+00,+1.8215116942E+00
+190.7500E-06,+3.4150439333E+00,+1.7654213799E+00
+191.0000E-06,+3.4247663970E+00,+1.7287049245E+00
+191.2500E-06,+3.4221115420E+00,+1.7023446545E+00
+191.5000E-06,+3.4299849836E+00,+1.6605458082E+00
+191.7500E-06,+3.4251078457E+00,+1.6248164961E+00
+192.0000E-06,+3.4193345944E+00,+1.5964727963E+00
+192.2500E-06,+3.4265288153E+00,+1.5605044231E+00
+192.5000E-06,+3.4177938402E+00,+1.5203342477E+00
+192.7500E-06,+3.4081843787E+00,+1.4781372359E+00
+193.0000E-06,+3.4031844576E+00,+1.4456880959E+00
+193.2500E-06,+3.4037206746E+00,+1.3946723922E+00
+193.5000E-06,+3.3956486024E+00,+1.3680709489E+00
+193.7500E-06,+3.3937380743E+00,+1.3245000299E+00
+194.0000E-06,+3.3760369833E+00,+1.2881441616E+00
+194.2500E-06,+3.3889305757E+00,+1.2391433063E+00
+194.5000E-06,+3.3763088968E+00,+1.2177614854E+00
+194.7500E-06,+3.3744058566E+00,+1.1872539515E+00
+195.0000E-06,+3.3639318345E+00,+1.1418444517E+00
+195.2500E-06,+3.3522990582E+00,+1.0863879630E+00
+195.5000E-06,+3.3448580242E+00,+1.0558049345E+00
+195.7500E-06,+3.3397034854E+00,+1.0216697466E+00
+196.0000E-06,+3.3371990000E+00,+983.3357218E-03
+196.2500E-06,+3.3205886007E+00,+939.1003485E-03
+196.5000E-06,+3.3092843250E+00,+898.0020621E-03
+196.7500E-06,+3.2991805185E+00,+859.0538957E-03
+197.0000E-06,+3.2887991663E+00,+819.0699874E-03
+197.2500E-06,+3.2749355096E+00,+786.8235663E-03
+197.5000E-06,+3.2612681165E+00,+742.0644103E-03
+197.7500E-06,+3.2549057562E+00,+699.5802950E-03
+198.0000E-06,+3.2480042346E+00,+662.0402675E-03
+198.2500E-06,+3.2285648761E+00,+611.3825578E-03
+198.5000E-06,+3.2085098699E+00,+578.9886873E-03
+198.7500E-06,+3.1974353945E+00,+540.5426387E-03
+199.0000E-06,+3.1817519680E+00,+499.6829763E-03
+199.2500E-06,+3.1729923898E+00,+452.8297189E-03
+199.5000E-06,+3.1537374034E+00,+426.1560826E-03
+199.7500E-06,+3.1438666807E+00,+368.8513694E-03
+200.0000E-06,+3.1281944085E+00,+325.6199967E-03
+200.2500E-06,+3.1139712261E+00,+293.1935481E-03
+200.5000E-06,+3.0913628028E+00,+260.8517420E-03
+200.7500E-06,+3.0677375225E+00,+215.6203731E-03
+201.0000E-06,+3.0530321022E+00,+178.0978542E-03
+201.2500E-06,+3.0344051449E+00,+136.9017992E-03
+201.5000E-06,+3.0199559988E+00,+99.5989304E-03
+201.7500E-06,+2.9951986630E+00,+57.8133595E-03
+202.0000E-06,+2.9742929142E+00,+11.4267943E-03
+202.2500E-06,+2.9628709493E+00,-27.5221591E-03
+202.5000E-06,+2.9388306734E+00,-60.0940415E-03
+202.7500E-06,+2.9164436579E+00,-106.4717906E-03
+203.0000E-06,+2.8860918409E+00,-138.5802582E-03
+203.2500E-06,+2.8718971464E+00,-181.2889969E-03
+203.5000E-06,+2.8467964925E+00,-231.5582301E-03
+203.7500E-06,+2.8198118099E+00,-267.7610725E-03
+204.0000E-06,+2.8045152484E+00,-307.3004314E-03
+204.2500E-06,+2.7691279504E+00,-351.0767994E-03
+204.5000E-06,+2.7460329248E+00,-377.8693973E-03
+204.7500E-06,+2.7234194436E+00,-422.3584127E-03
+205.0000E-06,+2.7045226548E+00,-477.9656885E-03
+205.2500E-06,+2.6744670045E+00,-515.6188961E-03
+205.5000E-06,+2.6422118608E+00,-552.2456543E-03
+205.7500E-06,+2.6174092385E+00,-602.8538337E-03
+206.0000E-06,+2.5971628741E+00,-641.1006322E-03
+206.2500E-06,+2.5722500386E+00,-683.8916751E-03
+206.5000E-06,+2.5400166004E+00,-717.3410755E-03
+206.7500E-06,+2.5182808935E+00,-757.0108531E-03
+207.0000E-06,+2.4832282755E+00,-799.2290775E-03
+207.2500E-06,+2.4621186484E+00,-838.4626514E-03
+207.5000E-06,+2.4328658401E+00,-870.7711621E-03
+207.7500E-06,+2.4100452757E+00,-908.0758233E-03
+208.0000E-06,+2.3883500523E+00,-952.9097383E-03
+208.2500E-06,+2.3535200271E+00,-1.0096668074E+00
+208.5000E-06,+2.3119394575E+00,-1.0533164321E+00
+208.7500E-06,+2.2939036896E+00,-1.0796281141E+00
+209.0000E-06,+2.2591042961E+00,-1.1224271349E+00
+209.2500E-06,+2.2240299469E+00,-1.1500011104E+00
+209.5000E-06,+2.2040952379E+00,-1.1991494483E+00
+209.7500E-06,+2.1607454569E+00,-1.2372243826E+00
+210.0000E-06,+2.1307398705E+00,-1.2676575044E+00
+210.2500E-06,+2.1047425528E+00,-1.3125688496E+00
+210.5000E-06,+2.0626119422E+00,-1.3504369269E+00
+210.7500E-06,+2.0348951785E+00,-1.3935906251E+00
+211.0000E-06,+2.0002202566E+00,-1.4241859898E+00
+211.2500E-06,+1.9672515775E+00,-1.4815712192E+00
+211.5000E-06,+1.9433985803E+00,-1.5019095525E+00
+211.7500E-06,+1.9011589142E+00,-1.5445787410E+00
+212.0000E-06,+1.8513975728E+00,-1.5730843174E+00
+212.2500E-06,+1.8253811968E+00,-1.6221776814E+00
+212.5000E-06,+1.7943489032E+00,-1.6505622823E+00
+212.7500E-06,+1.7473241029E+00,-1.6931475007E+00
+213.0000E-06,+1.7292112620E+00,-1.7274112441E+00
+213.2500E-06,+1.6933592226E+00,-1.7739080497E+00
+213.5000E-06,+1.6446450608E+00,-1.8014764050E+00
+213.7500E-06,+1.6166856179E+00,-1.8408083670E+00
+214.0000E-06,+1.5785371728E+00,-1.8690291556E+00
+214.2500E-06,+1.5427340456E+00,-1.8953325100E+00
+214.5000E-06,+1.5017603257E+00,-1.9345397788E+00
+214.7500E-06,+1.4761080100E+00,-1.9678971469E+00
+215.0000E-06,+1.4306894650E+00,-2.0107062185E+00
+215.2500E-06,+1.3987727444E+00,-2.0527730421E+00
+215.5000E-06,+1.3501703260E+00,-2.0707156033E+00
+215.7500E-06,+1.3297246241E+00,-2.1260065143E+00
+216.0000E-06,+1.2859168540E+00,-2.1502818473E+00
+216.2500E-06,+1.2551614609E+00,-2.1855834220E+00
+216.5000E-06,+1.2248504876E+00,-2.2128413568E+00
+216.7500E-06,+1.1830938569E+00,-2.2506394616E+00
+217.0000E-06,+1.1238434462E+00,-2.2900783730E+00
+217.2500E-06,+1.0980759921E+00,-2.3148909934E+00
+217.5000E-06,+1.0591887122E+00,-2.3490533878E+00
+217.7500E-06,+1.0190643796E+00,-2.3853774818E+00
+218.0000E-06,+976.2359136E-03,-2.4246473829E+00
+218.2500E-06,+944.5023184E-03,-2.4406592254E+00
+218.5000E-06,+901.9609151E-03,-2.4755877774E+00
+218.7500E-06,+855.8982721E-03,-2.4903435616E+00
+219.0000E-06,+822.8131597E-03,-2.5366789157E+00
+219.2500E-06,+780.2215433E-03,-2.5574578412E+00
+219.5000E-06,+745.1566916E-03,-2.5978565054E+00
+219.7500E-06,+712.8272713E-03,-2.6292401417E+00
+220.0000E-06,+666.3306798E-03,-2.6511390790E+00
+220.2500E-06,+623.0856443E-03,-2.6768999933E+00
+220.5000E-06,+582.5579467E-03,-2.7055249293E+00
+220.7500E-06,+536.1239739E-03,-2.7291520789E+00
+221.0000E-06,+510.3408626E-03,-2.7543748406E+00
+221.2500E-06,+467.2802610E-03,-2.7825438150E+00
+221.5000E-06,+420.7799655E-03,-2.8052001766E+00
+221.7500E-06,+384.5936426E-03,-2.8262357729E+00
+222.0000E-06,+337.2535312E-03,-2.8669094003E+00
+222.2500E-06,+313.9217238E-03,-2.8920552428E+00
+222.5000E-06,+270.6347831E-03,-2.9094291312E+00
+222.7500E-06,+226.7453300E-03,-2.9385374312E+00
+223.0000E-06,+189.5946684E-03,-2.9619554624E+00
+223.2500E-06,+152.6633464E-03,-2.9963224844E+00
+223.5000E-06,+103.9867193E-03,-3.0183730833E+00
+223.7500E-06,+67.7700843E-03,-3.0372039609E+00
+224.0000E-06,+43.2221232E-03,-3.0671259738E+00
+224.2500E-06,-1.4940981E-03,-3.0819809075E+00
+224.5000E-06,-35.2946001E-03,-3.1022431929E+00
+224.7500E-06,-82.4357946E-03,-3.1263147548E+00
+225.0000E-06,-124.7070663E-03,-3.1441321253E+00
+225.2500E-06,-159.7269420E-03,-3.1577270917E+00
+225.5000E-06,-202.2745112E-03,-3.1805860411E+00
+225.7500E-06,-246.3834818E-03,-3.2090137847E+00
+226.0000E-06,-290.2773852E-03,-3.2219817666E+00
+226.2500E-06,-324.3205499E-03,-3.2384399360E+00
+226.5000E-06,-354.9734785E-03,-3.2632506915E+00
+226.7500E-06,-406.0162938E-03,-3.2824164210E+00
+227.0000E-06,-439.2805486E-03,-3.2942020603E+00
+227.2500E-06,-488.7182061E-03,-3.3049402276E+00
+227.5000E-06,-532.9868554E-03,-3.3316298334E+00
+227.7500E-06,-570.1115495E-03,-3.3397584850E+00
+228.0000E-06,-598.1572358E-03,-3.3580923176E+00
+228.2500E-06,-643.0375740E-03,-3.3781610214E+00
+228.5000E-06,-679.3702217E-03,-3.3973743469E+00
+228.7500E-06,-716.2469044E-03,-3.4094854536E+00
+229.0000E-06,-762.5488559E-03,-3.4203422477E+00
+229.2500E-06,-795.0296105E-03,-3.4294522733E+00
+229.5000E-06,-843.1464051E-03,-3.4443338904E+00
+229.7500E-06,-883.9272473E-03,-3.4494109507E+00
+230.0000E-06,-920.8809653E-03,-3.4619363023E+00
+230.2500E-06,-957.7896878E-03,-3.4691311353E+00
+230.5000E-06,-1.0041670615E+00,-3.4980452657E+00
+230.7500E-06,-1.0294332434E+00,-3.5032041658E+00
+231.0000E-06,-1.0739033497E+00,-3.5177226135E+00
+231.2500E-06,-1.1137620643E+00,-3.5231062397E+00
+231.5000E-06,-1.1548886925E+00,-3.5329946896E+00
+231.7500E-06,-1.1850026936E+00,-3.5407170245E+00
+232.0000E-06,-1.2230248731E+00,-3.5464848849E+00
+232.2500E-06,-1.2594297697E+00,-3.5559972668E+00
+232.5000E-06,-1.3045909173E+00,-3.5647446672E+00
+232.7500E-06,-1.3362832858E+00,-3.5644113486E+00
+233.0000E-06,-1.3860379880E+00,-3.5739975201E+00
+233.2500E-06,-1.4238846431E+00,-3.5820139730E+00
+233.5000E-06,-1.4557899983E+00,-3.5819054723E+00
+233.7500E-06,-1.5025223284E+00,-3.5905356313E+00
+234.0000E-06,-1.5296773721E+00,-3.5889575639E+00
+234.2500E-06,-1.5547692582E+00,-3.6031236905E+00
+234.5000E-06,-1.6089536604E+00,-3.5958485447E+00
+234.7500E-06,-1.6404790718E+00,-3.6006932057E+00
+235.0000E-06,-1.6741665323E+00,-3.6028911087E+00
+235.2500E-06,-1.7098558554E+00,-3.6090392521E+00
+235.5000E-06,-1.7358687264E+00,-3.6093496381E+00
+235.7500E-06,-1.7844524197E+00,-3.6076206283E+00
+236.0000E-06,-1.8148601183E+00,-3.6046759216E+00
+236.2500E-06,-1.8461880826E+00,-3.6165402997E+00
+236.5000E-06,-1.8750454089E+00,-3.6027554587E+00
+236.7500E-06,-1.9118380372E+00,-3.6083363510E+00
+237.0000E-06,-1.9445569274E+00,-3.6069533036E+00
+237.2500E-06,-1.9723912897E+00,-3.6091247131E+00
+237.5000E-06,-2.0007286383E+00,-3.6025140699E+00
+237.7500E-06,-2.0559229808E+00,-3.5947621134E+00
+238.0000E-06,-2.0738329489E+00,-3.5858844887E+00
+238.2500E-06,-2.1158884826E+00,-3.5857643182E+00
+238.5000E-06,-2.1420624539E+00,-3.5930724232E+00
+238.7500E-06,-2.1820390370E+00,-3.5830092766E+00
+239.0000E-06,-2.2231511973E+00,-3.5798167168E+00
+239.2500E-06,-2.2462691602E+00,-3.5833774676E+00
+239.5000E-06,-2.2847237715E+00,-3.5727299442E+00
+239.7500E-06,-2.3089005371E+00,-3.5548086122E+00
+240.0000E-06,-2.3388167098E+00,-3.5598876127E+00
+240.2500E-06,-2.3720040424E+00,-3.5392452658E+00
+240.5000E-06,-2.4036976531E+00,-3.5362642109E+00
+240.7500E-06,-2.4336809339E+00,-3.5274533024E+00
+241.0000E-06,-2.4648878714E+00,-3.5154964683E+00
+241.2500E-06,-2.4987183131E+00,-3.5109752923E+00
+241.5000E-06,-2.5166483256E+00,-3.4980224325E+00
+241.7500E-06,-2.5489872312E+00,-3.4852098493E+00
+242.0000E-06,-2.5861230691E+00,-3.4694245298E+00
+242.2500E-06,-2.6167097866E+00,-3.4795050010E+00
+242.5000E-06,-2.6380314175E+00,-3.4519672925E+00
+242.7500E-06,-2.6539398744E+00,-3.4354734683E+00
+243.0000E-06,-2.6969396257E+00,-3.4315802460E+00
+243.2500E-06,-2.7165490151E+00,-3.4058180653E+00
+243.5000E-06,-2.7527675179E+00,-3.3997252637E+00
+243.7500E-06,-2.7924544182E+00,-3.3854343596E+00
+244.0000E-06,-2.8140688028E+00,-3.3625220312E+00
+244.2500E-06,-2.8324184706E+00,-3.3579580290E+00
+244.5000E-06,-2.8530734944E+00,-3.3308709844E+00
+244.7500E-06,-2.8830231164E+00,-3.3180035750E+00
+245.0000E-06,-2.9052119145E+00,-3.3029598039E+00
+245.2500E-06,-2.9294845354E+00,-3.2870701038E+00
+245.5000E-06,-2.9542100742E+00,-3.2618680587E+00
+245.7500E-06,-2.9739825177E+00,-3.2538583354E+00
+246.0000E-06,-3.0052697740E+00,-3.2245770602E+00
+246.2500E-06,-3.0311413297E+00,-3.2191192495E+00
+246.5000E-06,-3.0698226072E+00,-3.1937061624E+00
+246.7500E-06,-3.0822946296E+00,-3.1786769842E+00
+247.0000E-06,-3.1212004281E+00,-3.1610504472E+00
+247.2500E-06,-3.1286395701E+00,-3.1290175601E+00
+247.5000E-06,-3.1651697583E+00,-3.1128967315E+00
+247.7500E-06,-3.1742657923E+00,-3.0890638765E+00
+248.0000E-06,-3.2021890362E+00,-3.0728627186E+00
+248.2500E-06,-3.2265973690E+00,-3.0441033101E+00
+248.5000E-06,-3.2474600292E+00,-3.0249248344E+00
+248.7500E-06,-3.2532578068E+00,-3.0005109704E+00
+249.0000E-06,-3.2811407210E+00,-2.9689548881E+00
+249.2500E-06,-3.2922375110E+00,-2.9446157123E+00
+249.5000E-06,-3.3153521316E+00,-2.9266688893E+00
+249.7500E-06,-3.3404283001E+00,-2.9000351168E+00
+250.0000E-06,-3.3546620142E+00,-2.8769227228E+00
+250.2500E-06,-3.3563918109E+00,-2.8446428237E+00
+250.5000E-06,-3.3739011397E+00,-2.8325409507E+00
+250.7500E-06,-3.3893508628E+00,-2.8049882677E+00
+251.0000E-06,-3.4012981104E+00,-2.7684237091E+00
+251.2500E-06,-3.4173181495E+00,-2.7489087429E+00
+251.5000E-06,-3.4293411344E+00,-2.7191016544E+00
+251.7500E-06,-3.4436283224E+00,-2.7015627099E+00
+252.0000E-06,-3.4355082713E+00,-2.6713356387E+00
+252.2500E-06,-3.4482374272E+00,-2.6388291579E+00
+252.5000E-06,-3.4589009382E+00,-2.6106109503E+00
+252.7500E-06,-3.4700062442E+00,-2.5819538826E+00
+253.0000E-06,-3.4704362263E+00,-2.5487266876E+00
+253.2500E-06,-3.4684146211E+00,-2.5184581742E+00
+253.5000E-06,-3.4856164871E+00,-2.4853117396E+00
+253.7500E-06,-3.4797936648E+00,-2.4664043935E+00
